id,parent_id,leaf,name,label,detail,link,pmid,sort,root_url,sample_url,field_type,keyword_searchable,value_type,version
0,,False,root,Annotation,,,,0.0,,,,,,
1,0,False,Basic Info,,"Basic information about the variant, such as chromosome number, position, etc.",,,1.0,,,,,,
26,0,False,ANNOVAR,,Pre-computed ANNOVAR annotations for all alternative SNVs based on human reference genome hg19,http://annovar.openbioinformatics.org/en/latest/user-guide/download/,20601685,2.0,,,,,,6/7/2020 23:56
208,0,False,SnpEff,,SnpEff is a program for annotating and predicting the effects of single nucleotide polymorphisms,http://pcingola.github.io/SnpEff/,22728672,3.0,,,,,,snpeff-4.3.1t-5
132,0,False,VEP,,"Variant Effect Predictor (VEP) is developed by Ensembl and it determines the effect of the variants (SNPs, insertions, deletions, CNVs or structural variants) on genes, transcripts, and protein sequence, as well as regulatory regions. ",https://uswest.ensembl.org/info/docs/tools/vep/index.html,27268795,4.0,,,,,,ensembl-vep-release-112
83,0,False,AnnoQ Functional Annotations,PANTHER Functional Annotation,Functional annotation of a variant through PANTHER API.,https://pantherdb.org,33290554,5.0,,,,,,"PANTHER UPL 19, released 2024-06-20"
7,0,False,IMAGE Enhancer Linked Functional Annotations,PEREGRINE Functional Annotations,"When the variant is located in an enhancer region, the functions of its target gene inferred from the enhancer-gene links in the PEREGRINE project The ontology terms are annotated here.",https://www.peregrineproj.org/,33320871,6.0,,,,,,Initial Release
288,0,False,allele frequencies,,,,,,,,,,,
469,0,False,disease related databases,,,,,,,,,,,
495,0,False,others,,,,,7.0,,,,,,dbNSFP v4.3c
700,0,False,HG19 Info,,Comparison from version hg19,,,8.0,,,,,,
2,1,True,chr,,"Chromosome number of the variant.""",,,,,,text,True,,TOPMed: Freeze 8
3,1,True,pos,,"""position (hg38)""",,,,,,long,,,TOPMed: Freeze 8
4,1,True,ref,,"""reference allele""",,,,,,text,True,,TOPMed: Freeze 8
5,1,True,alt,,"""alternative allele""",,,,,,text,True,,TOPMed: Freeze 8
9,7,True,enhancer_linked_GO_biological_process_complete_list_id,PEREGRINE enhancer linked GO biological process complete,"When the variant is located in an enhancer region, the complete GO biological process annotations of its target genes inferred from the enhancer-gene links in the PEREGRINE project are populated here.",https://www.peregrineproj.org/,33320871,,http://amigo.geneontology.org/amigo/term/,,text,True,term_id,"GO database released 2024-06-17, DOI: 10.5281/zenodo.12173881"
11,7,True,enhancer_linked_GO_cellular_component_complete_list_id,PEREGRINE enhancer linked GO cellular component complete,"When the variant is located in an enhancer region, the complete GO cellular component annotations of its target genes inferred from the enhancer-gene links in the PEREGRINE project are populated here.",https://www.peregrineproj.org/,33320871,,http://amigo.geneontology.org/amigo/term/,,text,True,term_id,"GO database released 2024-06-17, DOI: 10.5281/zenodo.12173881"
13,7,True,enhancer_linked_GO_molecular_function_complete_list_id,PEREGRINE enhancer linked GO molecular function complete,"When the variant is located in an enhancer region, the complete GO molecular function annotations of its target genes inferred from the enhancer-gene links in the PEREGRINE project are populated here.",https://www.peregrineproj.org/,33320871,,http://amigo.geneontology.org/amigo/term/,,text,True,term_id,"GO database released 2024-06-17, DOI: 10.5281/zenodo.12173881"
15,7,True,enhancer_linked_PANTHER_GO_SLIM_biological_process_list_id,PEREGRINE enhancer linked PANTHER GO-Slim biological process,"When the variant is located in an enhancer region, the PANTHER GO-Slim Biological Process annotations of its target genes inferred from the enhancer-gene links in the PEREGRINE project are populated here.",https://www.peregrineproj.org/,33320871,,http://amigo.geneontology.org/amigo/term/,,text,True,term_id,"GO release 2024-01-17, released 2024-06-20"
17,7,True,enhancer_linked_PANTHER_GO_SLIM_cellular_component_list_id,PEREGRINE enhancer linked PANTHER GO-Slim cellular component,"When the variant is located in an enhancer region, the PANTHER GO-Slim Cellular Component annotations of its target genes inferred from the enhancer-gene links in the PEREGRINE project are populated here.",https://www.peregrineproj.org/,33320871,,http://amigo.geneontology.org/amigo/term/,,text,True,term_id,"GO release 2024-01-17, released 2024-06-20"
19,7,True,enhancer_linked_PANTHER_GO_SLIM_molecular_function_list_id,PEREGRINE enhancer linked PANTHER GO-Slim molecular function,"When the variant is located in an enhancer region, the PANTHER GO-Slim Molecular Function annotations of its target genes inferred from the enhancer-gene links in the PEREGRINE project are populated here.",https://www.peregrineproj.org/,33320871,,http://amigo.geneontology.org/amigo/term/,,text,True,term_id,"GO release 2024-01-17, released 2024-06-20"
626,7,True,enhancer_linked_PANTHER_protein_class_list_id,PEREGRINE enhancer linked PANTHER protein class,"When the variant is located in an enhancer region, the PANTHER Protein Class annotations of its target genes inferred from the enhancer-gene links in the PEREGRINE project are populated here.",https://www.peregrineproj.org/,33320871,,https://pantherdb.org/panther/category.do?categoryAcc=,,text,True,term_id,"PANTHER UPL 19, released 2024-06-20"
20,7,True,enhancer_linked_PANTHER_pathway_list_id,PEREGRINE enhancer linked PANTHER pathways,"When the variant is located in an enhancer region, the PANTHER pathway annotations of its target genes inferred from the enhancer-gene links in the PEREGRINE project are populated here.",https://www.peregrineproj.org/,33320871,,https://pantherdb.org/pathway/pathwayDiagram.jsp?catAccession=,,text,True,term_id,"PANTHER UPL 19, released 2024-06-20"
22,7,True,enhancer_linked_REACTOME_pathway_list_id,PEREGRINE enhancer linked Reactome pathways,"When the variant is located in an enhancer region, the Reactome pathway annotations of its target genes inferred from the enhancer-gene links in the PEREGRINE project are populated here.",https://www.peregrineproj.org/,33320871,,https://reactome.org/PathwayBrowser/#/,,text,True,term_id,"Reactome database version 86, released 2023-09-07"
23,7,True,enhancer_linked_assay,PEREGRINE enhancer linked assay,"When the variant is located in an enhancer region, the assay data used to infer its link to the target genes by the PEREGRINE project are listed here. For example, single tissue eQTL, interactive TAD, ChIA-PET. These assays are usually tissue-specific. The tissue data is in the 'PEREGRINE_enhancer_linked_tissue' annotation.",https://www.peregrineproj.org/,33320871,,,,text,True,,
24,7,True,enhancer_linked_genes,PEREGRINE enhancer linked genes,"When the variant is located in an enhancer region, its target genes inferred from the enhancer-gene links in the PEREGRINE project are populated here.",https://www.peregrineproj.org/,33320871,,https://pantherdb.org/genes/gene.do?acc=,,text,True,panther_long_gene_id,
25,7,True,enhancer_linked_enhancer,PEREGRINE mapped enhancer,The PEREGRINE enhancer ID of an enhancer region where the variant is located,https://www.peregrineproj.org/,33320871,,,,text,True,,
27,26,True,ANNOVAR_ensembl_Closest_gene(intergenic_only),,"""closest genes if the variant is intergenic. Format: gene ID1:transcript ID1(dist=distance),gene ID2:transcript ID2(dist=distance)""",,,,http://uswest.ensembl.org/Homo_sapiens/Gene/Summary?g=,http://uswest.ensembl.org/Homo_sapiens/Gene/Summary?g=ENSG00000158270,text,True,,
28,26,True,ANNOVAR_ensembl_Effect,,"""ANNOVAR consequence with Ensembl as gene model. Multiple consequences are separated by ""|"" The order corresponds to ANNOVAR_ensembl_Transcript_ID""",,,,,,text,True,,
29,26,True,ANNOVAR_ensembl_Exon_Rank,,"""exon number the variant locates (if applicable) Multiple annotations are separated by ""|"" The order corresponds to ANNOVAR_ensembl_Transcript_ID""",,,,,,text,True,,
36,26,True,ANNOVAR_ensembl_Gene_ID,,"""Ensembl gene IDs corresponding to transcripts. Multiple IDs are separated by ""|"" The order corresponds to ANNOVAR_ensembl_Transcript_ID""",,,,http://uswest.ensembl.org/Homo_sapiens/Gene/Summary?g=,http://uswest.ensembl.org/Homo_sapiens/Gene/Summary?g=ENSG00000158270,text,True,,
37,26,True,ANNOVAR_ensembl_HGVSc,,"""variant in format of HGVSc. Multiple annotations are separated by ""|"" The order corresponds to ANNOVAR_ensembl_Transcript_ID""",,,,,,text,True,,
38,26,True,ANNOVAR_ensembl_HGVSp,,"""variant in format of HGVSp. Multiple annotations are separated by ""|"" The order corresponds to ANNOVAR_ensembl_Transcript_ID""",,,,,,text,True,,
49,26,True,ANNOVAR_ensembl_Transcript_ID,,"""Ensembl transcript IDs corresponding to consequences. Multiple IDs are separated by ""|""""",,,,,,text,True,,
50,26,True,ANNOVAR_ensembl_summary,,"""ANNOVAR consequence summary with Ensembl as gene model. Format: GeneID(total number of transcripts):consequence#1(number of transcripts affected) consequence#2(number of transcripts affected)... Multiple genes are separated by ""|""""",,,,,,text,True,,
31,26,True,ANNOVAR_ensembl_GO_biological_process_complete_list_id,ANNOVAR ensembl GO biological process complete,"The complete GO biological process annotations queried through PANTHER API for IDs corresponding to ANNOVAR_ensembl_Gene_ID column. If there is more than one gene ID, a non-redundant list of GO terms from all genes is shown here.",,,,http://amigo.geneontology.org/amigo/term/,,text,True,term_id,"GO database released 2024-06-17, DOI: 10.5281/zenodo.12173881"
33,26,True,ANNOVAR_ensembl_GO_cellular_component_complete_list_id,ANNOVAR ensembl GO cellular component complete,"The complete GO cellular component annotations queried through PANTHER API for IDs corresponding to ANNOVAR_ensembl_Gene_ID column. If there is more than one gene ID, a non-redundant list of GO terms from all genes is shown here.",,,,http://amigo.geneontology.org/amigo/term/,,text,True,term_id,"GO database released 2024-06-17, DOI: 10.5281/zenodo.12173881"
35,26,True,ANNOVAR_ensembl_GO_molecular_function_complete_list_id,ANNOVAR ensembl GO molecular function complete,"The complete GO molecular function annotations queried through PANTHER API for IDs corresponding to ANNOVAR_ensembl_Gene_ID column. If there is more than one gene ID, a non-redundant list of GO terms from all genes is shown here.",,,,http://amigo.geneontology.org/amigo/term/,,text,True,term_id,"GO database released 2024-06-17, DOI: 10.5281/zenodo.12173881"
40,26,True,ANNOVAR_ensembl_PANTHER_GO_SLIM_biological_process_list_id,ANNOVAR ensembl PANTHER GO-Slim Biological Process,"The PANTHER GO-Slim Biological Process annotations queried through PANTHER API for IDs corresponding to ANNOVAR_ensembl_Gene_ID column. If there is more than one gene ID, a non-redundant list of GO terms from all genes is shown here.",,,,http://amigo.geneontology.org/amigo/term/,,text,True,term_id,"GO release 2024-01-17, released 2024-06-20"
42,26,True,ANNOVAR_ensembl_PANTHER_GO_SLIM_cellular_component_list_id,ANNOVAR ensembl PANTHER GO-Slim Cellular Component,"The PANTHER GO-Slim Cellular Component annotations queried through PANTHER API for IDs corresponding to ANNOVAR_ensembl_Gene_ID column. If there is more than one gene ID, a non-redundant list of GO terms from all genes is shown here.",,,,http://amigo.geneontology.org/amigo/term/,,text,True,term_id,"GO release 2024-01-17, released 2024-06-20"
44,26,True,ANNOVAR_ensembl_PANTHER_GO_SLIM_molecular_function_list_id,ANNOVAR ensembl PANTHER GO-Slim Molecular Function,"The PANTHER GO-Slim Molecular Function annotations queried through PANTHER API for IDs corresponding to ANNOVAR_ensembl_Gene_ID column. If there is more than one gene ID, a non-redundant list of GO terms from all genes is shown here.",,,,http://amigo.geneontology.org/amigo/term/,,text,True,term_id,"GO release 2024-01-17, released 2024-06-20"
627,26,True,ANNOVAR_ensembl_PANTHER_protein_class_list_id,ANNOVAR ensembl PANTHER Protein Class,"The PANTHER Protein Class annotations queried through PANTHER API for IDs corresponding to ANNOVAR_ensembl_Gene_ID column. If there is more than one gene ID, a non-redundant list of PANTHER Protein Class terms from all genes is shown here.",,,,https://pantherdb.org/panther/category.do?categoryAcc=,,text,True,term_id,"PANTHER UPL 19, released 2024-06-20"
46,26,True,ANNOVAR_ensembl_PANTHER_pathway_list_id,ANNOVAR ensembl PANTHER Pathways,"The PANTHER pathway annotations queried through PANTHER API for IDs corresponding to ANNOVAR_ensembl_Gene_ID column. If there is more than one gene ID, a non-redundant list of PANTHER Pathways from all genes is shown here.",,,,https://pantherdb.org/pathway/pathwayDiagram.jsp?catAccession=,,text,True,term_id,"PANTHER UPL 19, released 2024-06-20"
48,26,True,ANNOVAR_ensembl_REACTOME_pathway_list_id,ANNOVAR ensembl Reactome pathways,"The Reactome Pathway annotations queried through PANTHER API for IDs corresponding to ANNOVAR_ensembl_Gene_ID column. If there is more than one gene ID, a non-redundant list of Reactome Pathways from all genes is shown here.",,,,https://reactome.org/PathwayBrowser/#/,,text,True,term_id,"Reactome database version 86, released 2023-09-07"
51,26,True,ANNOVAR_refseq_Closest_gene(intergenic_only),,"""closest genes if the variant is intergenic. Format: gene ID1:transcript ID1(dist=distance),gene ID2:transcript ID2(dist=distance)""",,,,,,text,True,,
52,26,True,ANNOVAR_refseq_Effect,,"""ANNOVAR consequence with RefSeq as gene model. Multiple consequences are separated by ""|"" The order corresponds to ANNOVAR_refseq_Transcript_ID""",,,,,,text,True,,
53,26,True,ANNOVAR_refseq_Exon_Rank,,"""exon number the variant locates (if applicable) Multiple annotations are separated by ""|"" The order corresponds to ANNOVAR_refseq_Transcript_ID""",,,,,,text,True,,
60,26,True,ANNOVAR_refseq_Gene_ID,,"""RefSeq gene IDs corresponding to transcripts. Multiple IDs are separated by ""|"" The order corresponds to ANNOVAR_refseq_Transcript_ID""",,,,,,text,True,,
61,26,True,ANNOVAR_refseq_HGVSc,,"""variant in format of HGVSc. Multiple annotations are separated by ""|"" The order corresponds to ANNOVAR_refseq_Transcript_ID""",,,,,,text,True,,
62,26,True,ANNOVAR_refseq_HGVSp,,"""variant in format of HGVSp. Multiple annotations are separated by ""|"" The order corresponds to ANNOVAR_refseq_Transcript_ID""",,,,,,text,True,,
73,26,True,ANNOVAR_refseq_Transcript_ID,,"""RefSeq transcript IDs corresponding to consequences. Multiple IDs are separated by ""|""""",,,,https://www.ncbi.nlm.nih.gov/nuccore/,https://www.ncbi.nlm.nih.gov/nuccore/NM_130386,text,True,,
74,26,True,ANNOVAR_refseq_summary,,"""ANNOVAR consequence summary with RefSeq as gene model. Format: GeneID(total number of transcripts):consequence#1(number of transcripts affected) consequence#2(number of transcripts affected)... Multiple genes are separated by ""|""""",,,,,,text,True,,
55,26,True,ANNOVAR_refseq_GO_biological_process_complete_list_id,ANNOVAR refseq GO biological process complete,"The complete GO biological process annotations queried through PANTHER API for IDs corresponding to  ANNOVAR_refseq_Transcript_ID column. If there is more than one gene ID, a non-redundant list of GO terms from all genes is shown here.",,,,http://amigo.geneontology.org/amigo/term/,,text,True,term_id,"GO database released 2024-06-17, DOI: 10.5281/zenodo.12173881"
57,26,True,ANNOVAR_refseq_GO_cellular_component_complete_list_id,ANNOVAR refseq GO cellular component complete,"The complete GO cellular component annotations queried through PANTHER API for IDs corresponding to ANNOVAR_refseq_Transcript_ID column. If there is more than one gene ID, a non-redundant list of GO terms from all genes is shown here.",,,,http://amigo.geneontology.org/amigo/term/,,text,True,term_id,"GO database released 2024-06-17, DOI: 10.5281/zenodo.12173881"
59,26,True,ANNOVAR_refseq_GO_molecular_function_complete_list_id,ANNOVAR refseq GO molecular function complete,"The complete GO molecular function annotations queried through PANTHER API for IDs corresponding to ANNOVAR_refseq_Transcript_ID column. If there is more than one gene ID, a non-redundant list of GO terms from all genes is shown here.",,,,http://amigo.geneontology.org/amigo/term/,,text,True,term_id,"GO database released 2024-06-17, DOI: 10.5281/zenodo.12173881"
64,26,True,ANNOVAR_refseq_PANTHER_GO_SLIM_biological_process_list_id,ANNOVAR refseq PANTHER GO-Slim Biological Process,"The PANTHER GO-Slim Biological Process annotations queried through PANTHER API for IDs corresponding to ANNOVAR_refseq_Transcript_ID column. If there is more than one gene ID, a non-redundant list of GO terms from all genes is shown here..",,,,http://amigo.geneontology.org/amigo/term/,,text,True,term_id,"GO release 2024-01-17, released 2024-06-20"
66,26,True,ANNOVAR_refseq_PANTHER_GO_SLIM_cellular_component_list_id,ANNOVAR refseq PANTHER GO-Slim Cellular Component,"The PANTHER GO-Slim Cellular Component annotations queried through PANTHER API for IDs corresponding to ANNOVAR_refseq_Transcript_ID column. If there is more than one gene ID, a non-redundant list of GO terms from all genes is shown here.",,,,http://amigo.geneontology.org/amigo/term/,,text,True,term_id,"GO release 2024-01-17, released 2024-06-20"
68,26,True,ANNOVAR_refseq_PANTHER_GO_SLIM_molecular_function_list_id,ANNOVAR refseq PANTHER GO-Slim Molecular Function,"The PANTHER GO-Slim Molecular Function annotations queried through PANTHER API for IDs corresponding to ANNOVAR_refseq_Transcript_ID column. If there is more than one gene ID, a non-redundant list of GO terms from all genes is shown here.",,,,http://amigo.geneontology.org/amigo/term/,,text,True,term_id,"GO release 2024-01-17, released 2024-06-20"
628,26,True,ANNOVAR_refseq_PANTHER_protein_class_list_id,ANNOVAR refseq PANTHER Protein Class,"The PANTHER Protein Class annotations queried through PANTHER API for IDs corresponding to ANNOVAR_refseq_Transcript_ID column. If there is more than one gene ID, a non-redundant list of PANTHER Protein Class terms from all genes is shown here.",,,,https://pantherdb.org/panther/category.do?categoryAcc=,,text,True,term_id,"PANTHER UPL 19, released 2024-06-20"
70,26,True,ANNOVAR_refseq_PANTHER_pathway_list_id,ANNOVAR refseq PANTHER Pathways,"The PANTHER pathway annotations queried through PANTHER API for IDs corresponding to ANNOVAR_refseq_Transcript_ID column. If there is more than one gene ID, a non-redundant list of PANTHER Pathways from all genes is shown here.",,,,https://pantherdb.org/pathway/pathwayDiagram.jsp?catAccession=,,text,True,term_id,"PANTHER UPL 19, released 2024-06-20"
72,26,True,ANNOVAR_refseq_REACTOME_pathway_list_id,ANNOVAR refseq Reactome pathways,"The Reactome Pathway annotations queried through PANTHER API for IDs corresponding to ANNOVAR_refseq_Transcript_ID column. If there is more than one gene ID, a non-redundant list of Reactome Pathways from all genes is shown here.",,,,https://reactome.org/PathwayBrowser/#/,,text,True,term_id,"Reactome database version 86, released 2023-09-07"
75,26,True,ANNOVAR_ucsc_Closest_gene(intergenic_only),,"""closest genes if the variant is intergenic. Format: gene ID1:transcript ID1(dist=distance),gene ID2:transcript ID2(dist=distance)""",,,,,,text,True,,
76,26,True,ANNOVAR_ucsc_Effect,,"""ANNOVAR consequence with UCSC knownGene as gene model. Multiple consequences are separated by ""|"" The order corresponds to ANNOVAR_ucsc_Transcript_ID""",,,,,,text,True,,
77,26,True,ANNOVAR_ucsc_Exon_Rank,,"""exon number the variant locates (if applicable) Multiple annotations are separated by ""|"" The order corresponds to ANNOVAR_ucsc_Transcript_ID""",,,,,,text,True,,
78,26,True,ANNOVAR_ucsc_Gene_ID,,"""UCSC gene IDs corresponding to transcripts. Multiple IDs are separated by ""|"" The order corresponds to ANNOVAR_ucsc_Transcript_ID""",,,,,,text,True,,
79,26,True,ANNOVAR_ucsc_HGVSc,,"""variant in format of HGVSc. Multiple annotations are separated by ""|"" The order corresponds to ANNOVAR_ucsc_Transcript_ID""",,,,,,text,True,,
80,26,True,ANNOVAR_ucsc_HGVSp,,"""variant in format of HGVSp. Multiple annotations are separated by ""|"" The order corresponds to ANNOVAR_ucsc_Transcript_ID""",,,,,,text,True,,
81,26,True,ANNOVAR_ucsc_Transcript_ID,,"""UCSC transcript IDs corresponding to consequences. Multiple IDs are separated by ""|""""",,,,,,text,True,,
82,26,True,ANNOVAR_ucsc_summary,,"""ANNOVAR consequence summary with UCSC as gene model. Format: GeneID(total number of transcripts):consequence#1(number of transcripts affected) consequence#2(number of transcripts affected)... Multiple genes are separated by ""|""""",,,,,,text,True,,
85,83,True,flanking_0_GO_biological_process_complete_list_id,Flanking region 0  GO biological process complete,The complete GO biological process annotations queried through PANTHER API for the gene(s) when the variant is within the gene region with 0 flanking region.,,,,http://amigo.geneontology.org/amigo/term/,,text,True,term_id,"GO database released 2024-06-17, DOI: 10.5281/zenodo.12173881"
87,83,True,flanking_0_GO_cellular_component_complete_list_id,Flanking region 0 GO cellular component complete,The complete GO cellular component annotations queried through PANTHER API for the gene(s) when the variant is within the gene region with 0 flanking region.,,,,http://amigo.geneontology.org/amigo/term/,,text,True,term_id,"GO database released 2024-06-17, DOI: 10.5281/zenodo.12173881"
89,83,True,flanking_0_GO_molecular_function_complete_list_id,Flanking region 0 GO molecular function complete,The complete GO molecular function annotations queried through PANTHER API for the gene(s) when the variant is within the gene region with 0 flanking region.,,,,http://amigo.geneontology.org/amigo/term/,,text,True,term_id,"GO database released 2024-06-17, DOI: 10.5281/zenodo.12173881"
91,83,True,flanking_0_PANTHER_GO_SLIM_biological_process_list_id,Flanking region 0 PANTHER GO-Slim Biological Process,The PANTHER GO-Slim Biological Process annotations queried through PANTHER API for the gene(s) when the variant is within the gene region with 0 flanking region.,,,,http://amigo.geneontology.org/amigo/term/,,text,True,term_id,"GO release 2024-01-17, released 2024-06-20"
93,83,True,flanking_0_PANTHER_GO_SLIM_cellular_component_list_id,Flanking region 0 PANTHER GO-Slim Cellular Component,The PANTHER GO-Slim Cellular Component annotations queried through PANTHER API for the gene(s) when the variant is within the gene region with 0 flanking region.,,,,http://amigo.geneontology.org/amigo/term/,,text,True,term_id,"GO release 2024-01-17, released 2024-06-20"
95,83,True,flanking_0_PANTHER_GO_SLIM_molecular_function_list_id,Flanking region 0 PANTHER GO-Slim Molecular Function,The PANTHER GO-Slim Molecular Function annotations queried through PANTHER API for the gene(s) when the variant is within the gene region with 0 flanking region.,,,,http://amigo.geneontology.org/amigo/term/,,text,True,term_id,"GO release 2024-01-17, released 2024-06-20"
632,83,True,flanking_0_PANTHER_protein_class_list_id,Flanking region 0 PANTHER Protein Class,The PANTHER Protein Class annotations queried through PANTHER API for the gene(s) when the variant is within the gene region with 0 flanking region.,,,,https://pantherdb.org/panther/category.do?categoryAcc=,,text,True,term_id,"PANTHER UPL 19, released 2024-06-20"
97,83,True,flanking_0_PANTHER_pathway_list_id,Flanking region 0 PANTHER Pathways,The PANTHER Pathway annotations queried through PANTHER API for the gene(s) when the variant is within the gene region with 0 flanking region.,,,,https://pantherdb.org/pathway/pathwayDiagram.jsp?catAccession=,,text,True,term_id,"PANTHER UPL 19, released 2024-06-20"
99,83,True,flanking_0_REACTOME_pathway_list_id,Flanking region 0 Reactome pathways,The Reactome Pathway annotations queried through PANTHER API for the gene(s) when the variant is within the gene region with 0 flanking region.,,,,https://reactome.org/PathwayBrowser/#/,,text,True,term_id,"Reactome database version 86, released 2023-09-07"
101,83,True,flanking_10000_GO_biological_process_complete_list_id,Flanking region 10000 GO biological process complete,The complete GO biological process annotations queried through PANTHER API for the gene(s) when the variant is within the gene region plus 10k flanking regions on either end.,,,,http://amigo.geneontology.org/amigo/term/,,text,True,term_id,"GO database released 2024-06-17, DOI: 10.5281/zenodo.12173881"
103,83,True,flanking_10000_GO_cellular_component_complete_list_id,Flanking region 10000 GO cellular component complete,The complete GO cellular component annotations queried through PANTHER API for the gene(s) when the variant is within the gene region plus 10k flanking regions on either end.,,,,http://amigo.geneontology.org/amigo/term/,,text,True,term_id,"GO database released 2024-06-17, DOI: 10.5281/zenodo.12173881"
105,83,True,flanking_10000_GO_molecular_function_complete_list_id,Flanking region 10000 GO molecular function complete,The complete GO molecular function annotations queried through PANTHER API for the gene(s) when the variant is within the gene region plus 10k flanking regions on either end.,,,,http://amigo.geneontology.org/amigo/term/,,text,True,term_id,"GO database released 2024-06-17, DOI: 10.5281/zenodo.12173881"
107,83,True,flanking_10000_PANTHER_GO_SLIM_biological_process_list_id,Flanking region 10000 PANTHER GO-Slim Biological Process,The PANTHER GO-Slim Biological Process annotations queried through PANTHER API for the gene(s) when the variant is within the gene region plus 10k flanking regions on either end.,,,,http://amigo.geneontology.org/amigo/term/,,text,True,term_id,"GO release 2024-01-17, released 2024-06-20"
109,83,True,flanking_10000_PANTHER_GO_SLIM_cellular_component_list_id,Flanking region 10000 PANTHER GO-Slim Cellular Component,The PANTHER GO-Slim Cellular Component annotations queried through PANTHER API for the gene(s) when the variant is within the gene region plus 10k flanking regions on either end.,,,,http://amigo.geneontology.org/amigo/term/,,text,True,term_id,"GO release 2024-01-17, released 2024-06-20"
111,83,True,flanking_10000_PANTHER_GO_SLIM_molecular_function_list_id,Flanking region 10000 PANTHER GO-Slim Molecular Function,The PANTHER GO-Slim Molecular Function annotations queried through PANTHER API for the gene(s) when the variant is within the gene region plus 10k flanking regions on either end.,,,,http://amigo.geneontology.org/amigo/term/,,text,True,term_id,"GO release 2024-01-17, released 2024-06-20"
633,83,True,flanking_10000_PANTHER_protein_class_list_id,Flanking region 10000 PANTHER Protein Class,The PANTHER Protein Class annotations queried through PANTHER API for the gene(s) when the variant is within the gene region plus 10k flanking regions on either end.,,,,https://pantherdb.org/panther/category.do?categoryAcc=,,text,True,term_id,"PANTHER UPL 19, released 2024-06-20"
113,83,True,flanking_10000_PANTHER_pathway_list_id,Flanking region 10000 PANTHER Pathways,The PANTHER Pathway annotations queried through PANTHER API for the gene(s) when the variant is within the gene region plus 10k flanking regions on either end.,,,,https://pantherdb.org/pathway/pathwayDiagram.jsp?catAccession=,,text,True,term_id,"PANTHER UPL 19, released 2024-06-20"
115,83,True,flanking_10000_REACTOME_pathway_list_id,Flanking region 10000 Reactome pathways,The Reactome Pathway annotations queried through PANTHER API for the gene(s) when the variant is within the gene region plus 10k flanking regions on either end.,,,,https://reactome.org/PathwayBrowser/#/,,text,True,term_id,"Reactome database version 86, released 2023-09-07"
117,83,True,flanking_20000_GO_biological_process_complete_list_id,Flanking region 20000 GO biological process complete,The complete GO biological process annotations queried through PANTHER API for the gene(s) when the variant is within the gene region plus 20k flanking regions on either end.,,,,http://amigo.geneontology.org/amigo/term/,,text,True,term_id,"GO database released 2024-06-17, DOI: 10.5281/zenodo.12173881"
119,83,True,flanking_20000_GO_cellular_component_complete_list_id,Flanking region 20000 GO cellular component complete,The complete GO cellular component annotations queried through PANTHER API for the gene(s) when the variant is within the gene region plus 20k flanking regions on either end.,,,,http://amigo.geneontology.org/amigo/term/,,text,True,term_id,"GO database released 2024-06-17, DOI: 10.5281/zenodo.12173881"
121,83,True,flanking_20000_GO_molecular_function_complete_list_id,Flanking region 20000 GO molecular function complete,The complete GO molecular function annotations queried through PANTHER API for the gene(s) when the variant is within the gene region plus 20k flanking regions on either end.,,,,http://amigo.geneontology.org/amigo/term/,,text,True,term_id,"GO database released 2024-06-17, DOI: 10.5281/zenodo.12173881"
123,83,True,flanking_20000_PANTHER_GO_SLIM_biological_process_list_id,Flanking region 20000 PANTHER GO-Slim Biological Process,The PANTHER GO-Slim Biological Process annotations queried through PANTHER API for the gene(s) when the variant is within the gene region plus 20k flanking regions on either end.,,,,http://amigo.geneontology.org/amigo/term/,,text,True,term_id,"GO release 2024-01-17, released 2024-06-20"
125,83,True,flanking_20000_PANTHER_GO_SLIM_cellular_component_list_id,Flanking region 20000 PANTHER GO-Slim Cellular Component,The PANTHER GO-Slim Cellular Component annotations queried through PANTHER API for the gene(s) when the variant is within the gene region plus 20k flanking regions on either end.,,,,http://amigo.geneontology.org/amigo/term/,,text,True,term_id,"GO release 2024-01-17, released 2024-06-20"
127,83,True,flanking_20000_PANTHER_GO_SLIM_molecular_function_list_id,Flanking region 20000 PANTHER GO-Slim Molecular Function,The PANTHER GO-Slim Molecular Function annotations queried through PANTHER API for the gene(s) when the variant is within the gene region plus 20k flanking regions on either end.,,,,http://amigo.geneontology.org/amigo/term/,,text,True,term_id,"GO release 2024-01-17, released 2024-06-20"
634,83,True,flanking_20000_PANTHER_protein_class_list_id,Flanking region 20000 PANTHER Protein Class,The PANTHER Pathway annotations queried through PANTHER API for the gene(s) when the variant is within the gene region plus 20k flanking regions on either end.,,,,https://pantherdb.org/panther/category.do?categoryAcc=,,text,True,term_id,"PANTHER UPL 19, released 2024-06-20"
129,83,True,flanking_20000_PANTHER_pathway_list_id,Flanking region 20000 PANTHER Pathways,The PANTHER Pathway annotations queried through PANTHER API for the gene(s) when the variant is within the gene region plus 20k flanking regions on either end.,,,,https://pantherdb.org/pathway/pathwayDiagram.jsp?catAccession=,,text,True,term_id,"PANTHER UPL 19, released 2024-06-20"
131,83,True,flanking_20000_REACTOME_pathway_list_id,Flanking region 20000 Reactome pathways,The Reactome Pathway annotations queried through PANTHER API for the gene(s) when the variant is within the gene region plus 20k flanking regions on either end.,,,,https://reactome.org/PathwayBrowser/#/,,text,True,term_id,"Reactome database version 86, released 2023-09-07"
133,132,True,VEP_canonical,,"""canonical transcript used in Ensembl. Multiple entries separated by "";"", matching Ensembl_transcriptid. See https://useast.ensembl.org/Help/Glossary?id=521""",,,,,,text,True,,
134,132,True,VEP_ensembl_Amino_Acid_Change,,"""amino acid change as to a transcript. Multiple annotations are separated by ""|"" The order corresponds to VEP_ensembl_Transcript_ID ""*"" represents a stop codon""",,,,,,text,True,,
135,132,True,VEP_ensembl_CANONICAL,,"""whether a transcript is canonical. Multiple annotations are separated by ""|"" The order corresponds to VEP_ensembl_Transcript_ID""",,,,,,text,True,,
136,132,True,VEP_ensembl_CCDS,,"""CCDS IDs corresponding to transcripts. Multiple IDs are separated by ""|"" The order corresponds to VEP_ensembl_Transcript_ID""",,,,,,text,True,,
137,132,True,VEP_ensembl_CDS_position,,"""CDS position as to a transcript. Multiple annotations are separated by ""|"" The order corresponds to VEP_ensembl_Transcript_ID""",,,,,,text,True,,
138,132,True,VEP_ensembl_Codon_Change_or_Distance,,"""codon change or distance as to a transcript. Multiple annotations are separated by ""|"" The order corresponds to VEP_ensembl_Transcript_ID""",,,,,,text,True,,
139,132,True,VEP_ensembl_Consequence,,"""VEP consequence with Ensembl as gene model. Multiple consequences are separated by ""|"" The order corresponds to VEP_ensembl_Transcript_ID""",,,,,,text,True,,
140,132,True,VEP_ensembl_Exon_or_Intron_Rank,,"""exon (intron) rank as to a transcript. Multiple annotations are separated by ""|"" The order corresponds to VEP_ensembl_Transcript_ID""",,,,,,text,True,,
147,132,True,VEP_ensembl_Gene_ID,,"""Ensembl gene IDs corresponding to transcripts. Multiple IDs are separated by ""|"" The order corresponds to VEP_ensembl_Transcript_ID""",,,,http://uswest.ensembl.org/Homo_sapiens/Gene/Summary?g=,http://uswest.ensembl.org/Homo_sapiens/Gene/Summary?g=ENSG00000158270,text,True,,
148,132,True,VEP_ensembl_Gene_Name,,"""Ensembl gene names corresponding to transcripts. Multiple gene names are separated by ""|"" The order corresponds to VEP_ensembl_Transcript_ID""",,,,,,text,True,,
149,132,True,VEP_ensembl_HGVSc,,"""variant in format of HGVSc. Multiple annotations are separated by ""|"" The order corresponds to VEP_ensembl_Transcript_ID""",,,,,,text,True,,
150,132,True,VEP_ensembl_HGVSp,,"""variant in format of HGVSp. Multiple annotations are separated by ""|"" The order corresponds to VEP_ensembl_Transcript_ID""",,,,,,text,True,,
151,132,True,VEP_ensembl_LoF,,"""LOF by LOFTEE. Multiple annotations are separated by ""|"" The order corresponds to VEP_ensembl_Transcript_ID""",,,,,,text,True,,
152,132,True,VEP_ensembl_LoF_filter,,"""LOF filter by LOFTEE. Multiple annotations are separated by ""|"" The order corresponds to VEP_ensembl_Transcript_ID""",,,,,,text,True,,
153,132,True,VEP_ensembl_LoF_flags,,"""LOF flags by LOFTEE. Multiple annotations are separated by ""|"" The order corresponds to VEP_ensembl_Transcript_ID""",,,,,,text,True,,
154,132,True,VEP_ensembl_LoF_info,,"""LOF information by LOFTEE. Multiple annotations are separated by ""|"" The order corresponds to VEP_ensembl_Transcript_ID""",,,,,,text,True,,
163,132,True,VEP_ensembl_Protein_ID,,"""Ensembl protein IDs corresponding to transcripts. Multiple IDs are separated by ""|"" The order corresponds to VEP_ensembl_Transcript_ID""",,,,,,text,True,,
164,132,True,VEP_ensembl_Protein_position,,"""protein position as to a transcript. Multiple annotations are separated by ""|"" The order corresponds to VEP_ensembl_Transcript_ID""",,,,,,text,True,,
167,132,True,VEP_ensembl_STRAND,,"""strand of CDS as to a transcript. Multiple annotations are separated by ""|"" The order corresponds to VEP_ensembl_Transcript_ID""",,,,,,text,True,,
168,132,True,VEP_ensembl_SWISSPROT,,"""SWISSPROT IDs corresponding to transcripts. Multiple IDs are separated by ""|"" The order corresponds to VEP_ensembl_Transcript_ID""",,,,,,text,True,,
169,132,True,VEP_ensembl_Transcript_ID,,"""Ensembl transcript IDs corresponding to consequences. Multiple IDs are separated by ""|""""",,,,,,text,True,,
170,132,True,VEP_ensembl_cDNA_position,,"""cDNA position as to a transcript. Multiple annotations are separated by ""|"" The order corresponds to VEP_ensembl_Transcript_ID""",,,,,,text,True,,
171,132,True,VEP_ensembl_summary,,"""VEP consequence summary with Ensembl as gene model. Format: GeneID(total number of transcripts):consequence#1(number of transcripts affected) consequence#2(number of transcripts affected)... Multiple genes are separated by ""|""""",,,,,,text,True,,
142,132,True,VEP_ensembl_GO_biological_process_complete_list_id,VEP ensembl GO biological process complete,"The complete GO biological process annotations queried through PANTHER API for IDs corresponding to VEP_ensembl_Gene_ID column. If there is more than one gene ID, a non-redundant list of GO terms from all genes is shown here.",,,,http://amigo.geneontology.org/amigo/term/,,text,True,term_id,"GO database released 2024-06-17, DOI: 10.5281/zenodo.12173881"
144,132,True,VEP_ensembl_GO_cellular_component_complete_list_id,VEP ensembl GO cellular component complete,"The complete GO cellular component annotations queried through PANTHER API for IDs corresponding to VEP_ensembl_Gene_ID column. If there is more than one gene ID, a non-redundant list of GO terms from all genes is shown here.",,,,http://amigo.geneontology.org/amigo/term/,,text,True,term_id,"GO database released 2024-06-17, DOI: 10.5281/zenodo.12173881"
146,132,True,VEP_ensembl_GO_molecular_function_complete_list_id,VEP ensembl GO molecular function complete,"The complete GO molecular function annotations queried through PANTHER API for IDs corresponding to VEP_ensembl_Gene_ID column. If there is more than one gene ID, a non-redundant list of GO terms from all genes is shown here.",,,,http://amigo.geneontology.org/amigo/term/,,text,True,term_id,"GO database released 2024-06-17, DOI: 10.5281/zenodo.12173881"
156,132,True,VEP_ensembl_PANTHER_GO_SLIM_biological_process_list_id,VEP ensembl PANTHER GO-Slim Biological Process,"The PANTHER GO-Slim Biological Process annotations queried through PANTHER API for IDs corresponding to VEP_ensembl_Gene_ID column. If there is more than one gene ID, a non-redundant list of GO terms from all genes is shown here.",,,,http://amigo.geneontology.org/amigo/term/,,text,True,term_id,"GO release 2024-01-17, released 2024-06-20"
158,132,True,VEP_ensembl_PANTHER_GO_SLIM_cellular_component_list_id,VEP ensembl PANTHER GO-Slim Cellular Component,"The PANTHER GO-Slim Cellular Component annotations queried through PANTHER API for IDs corresponding to VEP_ensembl_Gene_ID column. If there is more than one gene ID, a non-redundant list of GO terms from all genes is shown here.",,,,http://amigo.geneontology.org/amigo/term/,,text,True,term_id,"GO release 2024-01-17, released 2024-06-20"
160,132,True,VEP_ensembl_PANTHER_GO_SLIM_molecular_function_list_id,VEP ensembl PANTHER GO-Slim Molecular Function,"The PANTHER GO-Slim Molecular Function annotations queried through PANTHER API for IDs corresponding to VEP_ensembl_Gene_ID column. If there is more than one gene ID, a non-redundant list of GO terms from all genes is shown here.",,,,http://amigo.geneontology.org/amigo/term/,,text,True,term_id,"GO release 2024-01-17, released 2024-06-20"
641,132,True,VEP_ensembl_PANTHER_protein_class_list_id,VEP ensembl PANTHER Protein Class,"The PANTHER Protein Class annotations queried through PANTHER API for IDs corresponding to VEP_ensembl_Gene_ID column. If there is more than one gene ID, a non-redundant list of PANTHER Protein Class terms from all genes is shown here.",,,,https://pantherdb.org/panther/category.do?categoryAcc=,,text,True,term_id,"PANTHER UPL 19, released 2024-06-20"
162,132,True,VEP_ensembl_PANTHER_pathway_list_id,VEP ensembl PANTHER Pathways,"The PANTHER pathway annotations queried through PANTHER API for IDs corresponding to VEP_ensembl_Gene_ID column. If there is more than one gene ID, a non-redundant list of PANTHER Pathways from all genes is shown here.",,,,https://pantherdb.org/pathway/pathwayDiagram.jsp?catAccession=,,text,True,term_id,"PANTHER UPL 19, released 2024-06-20"
166,132,True,VEP_ensembl_REACTOME_pathway_list_id,VEP ensembl Reactome pathways,"The Reactome Pathway annotations queried through PANTHER API for IDs corresponding to VEP_ensembl_Gene_ID column. If there is more than one gene ID, a non-redundant list of Reactome Pathways from all genes is shown here.",,,,https://reactome.org/PathwayBrowser/#/,,text,True,term_id,"Reactome database version 86, released 2023-09-07"
172,132,True,VEP_refseq_Amino_Acid_Change,,"""amino acid change as to a transcript. Multiple annotations are separated by ""|"" The order corresponds to VEP_refseq_Transcript_ID ""*"" represents a stop codon""",,,,,,text,True,,
173,132,True,VEP_refseq_CANONICAL,,"""whether a transcript is canonical. Multiple annotations are separated by ""|"" The order corresponds to VEP_refseq_Transcript_ID""",,,,,,text,True,,
174,132,True,VEP_refseq_CDS_position,,"""CDS position as to a transcript. Multiple annotations are separated by ""|"" The order corresponds to VEP_refseq_Transcript_ID""",,,,,,text,True,,
175,132,True,VEP_refseq_Codon_Change_or_Distance,,"""codon change or distance as to a transcript. Multiple annotations are separated by ""|"" The order corresponds to VEP_refseq_Transcript_ID""",,,,,,text,True,,
176,132,True,VEP_refseq_Consequence,,"""VEP consequence with RefSeq as gene model. Multiple consequences are separated by ""|"" The order corresponds to VEP_refseq_Transcript_ID""",,,,,,text,True,,
177,132,True,VEP_refseq_Exon_or_Intron_Rank,,"""exon (intron) rank as to a transcript. Multiple annotations are separated by ""|"" The order corresponds to VEP_refseq_Transcript_ID""",,,,,,text,True,,
184,132,True,VEP_refseq_Gene_ID,,"""RefSeq gene IDs corresponding to transcripts. Multiple IDs are separated by ""|"" The order corresponds to VEP_refseq_Transcript_ID""",,,,,,text,True,,
185,132,True,VEP_refseq_Gene_Name,,"""RefSeq gene names corresponding to transcripts. Multiple gene names are separated by ""|"" The order corresponds to VEP_refseq_Transcript_ID""",,,,,,text,True,,
186,132,True,VEP_refseq_HGVSc,,"""variant in format of HGVSc. Multiple annotations are separated by ""|"" The order corresponds to VEP_refseq_Transcript_ID""",,,,,,text,True,,
187,132,True,VEP_refseq_HGVSp,,"""variant in format of HGVSp. Multiple annotations are separated by ""|"" The order corresponds to VEP_refseq_Transcript_ID""",,,,,,text,True,,
188,132,True,VEP_refseq_LoF,,"""LOF by LOFTEE. Multiple annotations are separated by ""|"" The order corresponds to VEP_refseq_Transcript_ID""",,,,,,text,True,,
189,132,True,VEP_refseq_LoF_filter,,"""LOF filter by LOFTEE. Multiple annotations are separated by ""|"" The order corresponds to VEP_refseq_Transcript_ID""",,,,,,text,True,,
190,132,True,VEP_refseq_LoF_flags,,"""LOF flags by LOFTEE. Multiple annotations are separated by ""|"" The order corresponds to VEP_refseq_Transcript_ID""",,,,,,text,True,,
191,132,True,VEP_refseq_LoF_info,,"""LOF information by LOFTEE. Multiple annotations are separated by ""|"" The order corresponds to VEP_refseq_Transcript_ID""",,,,,,text,True,,
201,132,True,VEP_refseq_Protein_position,,"""protein position as to a transcript. Multiple annotations are separated by ""|"" The order corresponds to VEP_refseq_Transcript_ID""",,,,,,text,True,,
204,132,True,VEP_refseq_STRAND,,"""strand of CDS as to a transcript. Multiple annotations are separated by ""|"" The order corresponds to VEP_refseq_Transcript_ID""",,,,,,text,True,,
205,132,True,VEP_refseq_Transcript_ID,,"""RefSeq transcript IDs corresponding to consequences. Multiple IDs are separated by ""|""""",,,,https://www.ncbi.nlm.nih.gov/nuccore/,https://www.ncbi.nlm.nih.gov/nuccore/NM_130386,text,True,,
206,132,True,VEP_refseq_cDNA_position,,"""cDNA position as to a transcript. Multiple annotations are separated by ""|"" The order corresponds to VEP_refseq_Transcript_ID""",,,,,,text,True,,
207,132,True,VEP_refseq_summary,,"""VEP consequence summary with RefSeq as gene model. Format: GeneID(total number of transcripts):consequence#1(number of transcripts affected) consequence#2(number of transcripts affected)... Multiple genes are separated by ""|""""",,,,,,text,True,,
179,132,True,VEP_refseq_GO_biological_process_complete_list_id,VEP refseq GO biological process complete,"The complete GO biological process annotations queried through PANTHER API for IDs corresponding to  VEP_refseq_Transcript_ID column. If there is more than one gene ID, a non-redundant list of GO terms from all genes is shown here.",,,,http://amigo.geneontology.org/amigo/term/,,text,True,term_id,"GO database released 2024-06-17, DOI: 10.5281/zenodo.12173881"
181,132,True,VEP_refseq_GO_cellular_component_complete_list_id,VEP refseq GO cellular component complete,"The complete GO cellular component annotations queried through PANTHER API for IDs corresponding to VEP_refseq_Transcript_ID column. If there is more than one gene ID, a non-redundant list of GO terms from all genes is shown here.",,,,http://amigo.geneontology.org/amigo/term/,,text,True,term_id,"GO database released 2024-06-17, DOI: 10.5281/zenodo.12173881"
183,132,True,VEP_refseq_GO_molecular_function_complete_list_id,VEP refseq GO molecular function complete,"The complete GO molecular function annotations queried through PANTHER API for IDs corresponding to VEP_refseq_Transcript_ID column. If there is more than one gene ID, a non-redundant list of GO terms from all genes is shown here.",,,,http://amigo.geneontology.org/amigo/term/,,text,True,term_id,"GO database released 2024-06-17, DOI: 10.5281/zenodo.12173881"
193,132,True,VEP_refseq_PANTHER_GO_SLIM_biological_process_list_id,VEP refseq PANTHER GO-Slim Biological Process,"The PANTHER GO-Slim Biological Process annotations queried through PANTHER API for IDs corresponding to VEP_refseq_Transcript_ID column. If there is more than one gene ID, a non-redundant list of GO terms from all genes is shown here..",,,,http://amigo.geneontology.org/amigo/term/,,text,True,term_id,"GO release 2024-01-17, released 2024-06-20"
195,132,True,VEP_refseq_PANTHER_GO_SLIM_cellular_component_list_id,VEP refseq PANTHER GO-Slim Cellular Component,"The PANTHER GO-Slim Cellular Component annotations queried through PANTHER API for IDs corresponding to VEP_refseq_Transcript_ID column. If there is more than one gene ID, a non-redundant list of GO terms from all genes is shown here.",,,,http://amigo.geneontology.org/amigo/term/,,text,True,term_id,"GO release 2024-01-17, released 2024-06-20"
197,132,True,VEP_refseq_PANTHER_GO_SLIM_molecular_function_list_id,VEP refseq PANTHER GO-Slim Molecular Function,"The PANTHER GO-Slim Molecular Function annotations queried through PANTHER API for IDs corresponding to VEP_refseq_Transcript_ID column. If there is more than one gene ID, a non-redundant list of GO terms from all genes is shown here.",,,,http://amigo.geneontology.org/amigo/term/,,text,True,term_id,"GO release 2024-01-17, released 2024-06-20"
642,132,True,VEP_refseq_PANTHER_protein_class_list_id,VEP refseq PANTHER Protein Class,"The PANTHER Protein Class annotations queried through PANTHER API for IDs corresponding to VEP_refseq_Transcript_ID column. If there is more than one gene ID, a non-redundant list of PANTHER Protein Class terms from all genes is shown here.",,,,https://pantherdb.org/panther/category.do?categoryAcc=,,text,True,term_id,"PANTHER UPL 19, released 2024-06-20"
199,132,True,VEP_refseq_PANTHER_pathway_list_id,VEP refseq PANTHER Pathways,"The PANTHER pathway annotations queried through PANTHER API for IDs corresponding to VEP_refseq_Transcript_ID column. If there is more than one gene ID, a non-redundant list of PANTHER Pathways from all genes is shown here.",,,,https://pantherdb.org/pathway/pathwayDiagram.jsp?catAccession=,,text,True,term_id,"PANTHER UPL 19, released 2024-06-20"
203,132,True,VEP_refseq_REACTOME_pathway_list_id,VEP refseq Reactome pathways,"The Reactome Pathway annotations queried through PANTHER API for IDs corresponding to VEP_refseq_Transcript_ID column. If there is more than one gene ID, a non-redundant list of Reactome Pathways from all genes is shown here.",,,,https://reactome.org/PathwayBrowser/#/,,text,True,term_id,"Reactome database version 86, released 2023-09-07"
209,208,True,SnpEff_ensembl_CDS_position/CDS_len,,"""CDS position and length as to a transcript. Format: CDS position/CDS length Multiple annotations are separated by ""|"" The order corresponds to SnpEff_ensembl_Transcript_ID""",,,,,,text,True,,
210,208,True,SnpEff_ensembl_Distance_to_feature,,"""distance to feature. Multiple annotations are separated by ""|"" The order corresponds to SnpEff_ensembl_Transcript_ID""",,,,,,text,True,,
211,208,True,SnpEff_ensembl_Effect,,"""SnpEff consequence with Ensembl as gene model. Multiple consequences are separated by ""|"" The order corresponds to SnpEff_ensembl_Transcript_ID""",,,,,,text,True,,
212,208,True,SnpEff_ensembl_Effect_impact,,"""consequence impacts predicted by SnpEff. Multiple impacts are separated by ""|"" The order corresponds to SnpEff_ensembl_Transcript_ID""",,,,,,text,True,,
213,208,True,SnpEff_ensembl_Exon_or_intron_rank/total,,"""exon (intron) rank and total number as to a transcript. Format: exon or intron rank / total exon or intron number Multiple annotations are separated by ""|"" The order corresponds to SnpEff_ensembl_Transcript_ID""",,,,,,text,True,,
220,208,True,SnpEff_ensembl_Gene_ID,,"""Ensembl gene IDs corresponding to transcripts. Multiple IDs are separated by ""|"" The order corresponds to SnpEff_ensembl_Transcript_ID""",,,,http://uswest.ensembl.org/Homo_sapiens/Gene/Summary?g=,http://uswest.ensembl.org/Homo_sapiens/Gene/Summary?g=ENSG00000158270,text,True,,
221,208,True,SnpEff_ensembl_Gene_name,,"""Ensembl gene names corresponding to transcripts. Multiple gene names are separated by ""|"" The order corresponds to SnpEff_ensembl_Transcript_ID""",,,,,,text,True,,
222,208,True,SnpEff_ensembl_HGVSc,,"""variant in format of HGVSc. Multiple annotations are separated by ""|"" The order corresponds to SnpEff_ensembl_Transcript_ID""",,,,,,text,True,,
223,208,True,SnpEff_ensembl_HGVSp,,"""variant in format of HGVSp. Multiple annotations are separated by ""|"" The order corresponds to SnpEff_ensembl_Transcript_ID""",,,,,,text,True,,
224,208,True,SnpEff_ensembl_LOF/NMD,,"""LOF or NMD by SnpEff.""",,,,,,text,True,,
225,208,True,SnpEff_ensembl_LOF/NMD_gene_ID,,"""gene ID corresponding to SnpEff_ensembl_LOF/NMD.""",,,,,,text,True,,
226,208,True,SnpEff_ensembl_LOF/NMD_gene_name,,"""gene name corresponding to SnpEff_ensembl_LOF/NMD.""",,,,,,text,True,,
227,208,True,SnpEff_ensembl_LOF/NMD_num_transcripts_affected,,"""number of transcripts affected corresponding to SnpEff_ensembl_LOF/NMD.""",,,,,,text,True,,
228,208,True,SnpEff_ensembl_LOF/NMD_percent_transcripts_affected,,"""percentage of transcripts affected corresponding to SnpEff_ensembl_LOF/NMD.""",,,,,,text,True,,
237,208,True,SnpEff_ensembl_Protein_position/Protein_len,,"""protein position and length as to a transcript. Format: protein position/protein length Multiple annotations are separated by ""|"" The order corresponds to SnpEff_ensembl_Transcript_ID""",,,,,,text,True,,
240,208,True,SnpEff_ensembl_Sequence_feature,,"""SnpEff consequence features. Multiple features are separated by ""|"" The order corresponds to SnpEff_ensembl_Transcript_ID""",,,,,,text,True,,
241,208,True,SnpEff_ensembl_Sequence_feature_impact,,"""sequence feature impacts predicted by SnpEff. Multiple impacts are separated by ""|"" The order corresponds to SnpEff_ensembl_Transcript_ID""",,,,,,text,True,,
242,208,True,SnpEff_ensembl_TF_ID,,"""ID of the TF""",,,,,,text,True,,
243,208,True,SnpEff_ensembl_TF_binding_effect,,"""effect of TF binding by SnpEff""",,,,,,text,True,,
244,208,True,SnpEff_ensembl_TF_name,,"""name of the TF""",,,,,,text,True,,
245,208,True,SnpEff_ensembl_Transcript_ID,,"""Ensembl transcript IDs corresponding to consequences. Multiple IDs are separated by ""|""""",,,,,,text,True,,
246,208,True,SnpEff_ensembl_Transcript_biotype,,"""biotype of transcript. Multiple biotypes are separated by ""|"" The order corresponds to SnpEff_ensembl_Transcript_ID""",,,,,,text,True,,
247,208,True,SnpEff_ensembl_Warnings,,"""SnpEff warnings. Multiple annotations are separated by ""|"" The order corresponds to SnpEff_ensembl_Transcript_ID""",,,,,,text,True,,
248,208,True,SnpEff_ensembl_cDNA_position/cDNA_len,,"""cDNA position and length as to a transcript. Format: cDNA position/cDNA length Multiple annotations are separated by ""|"" The order corresponds to SnpEff_ensembl_Transcript_ID""",,,,,,text,True,,
249,208,True,SnpEff_ensembl_summary,,"""SnpEff consequence summary with Ensembl as gene model. Format: GeneID(total number of transcripts):consequence#1(number of transcripts affected) consequence#2(number of transcripts affected)... Multiple genes are separated by ""|""""",,,,,,text,True,,
215,208,True,SnpEff_ensembl_GO_biological_process_complete_list_id,SnpEff ensembl GO biological process complete,"The complete GO biological process annotations queried through PANTHER API for IDs corresponding to SnpEff_ensembl_Gene_ID column. If there is more than one gene ID, a non-redundant list of GO terms from all genes is shown here.",,,,http://amigo.geneontology.org/amigo/term/,,text,True,term_id,"GO database released 2024-06-17, DOI: 10.5281/zenodo.12173881"
217,208,True,SnpEff_ensembl_GO_cellular_component_complete_list_id,SnpEff ensembl GO cellular component complete,"The complete GO cellular component annotations queried through PANTHER API for IDs corresponding to SnpEff_ensembl_Gene_ID column. If there is more than one gene ID, a non-redundant list of GO terms from all genes is shown here.",,,,http://amigo.geneontology.org/amigo/term/,,text,True,term_id,"GO database released 2024-06-17, DOI: 10.5281/zenodo.12173881"
219,208,True,SnpEff_ensembl_GO_molecular_function_complete_list_id,SnpEff ensembl GO molecular function complete,"The complete GO molecular function annotations queried through PANTHER API for IDs corresponding to SnpEff_ensembl_Gene_ID column. If there is more than one gene ID, a non-redundant list of GO terms from all genes is shown here.",,,,http://amigo.geneontology.org/amigo/term/,,text,True,term_id,"GO database released 2024-06-17, DOI: 10.5281/zenodo.12173881"
230,208,True,SnpEff_ensembl_PANTHER_GO_SLIM_biological_process_list_id,SnpEff ensembl PANTHER GO-Slim Biological Process,"The PANTHER GO-Slim Biological Process annotations queried through PANTHER API for IDs corresponding to SnpEff_ensembl_Gene_ID column. If there is more than one gene ID, a non-redundant list of GO terms from all genes is shown here.",,,,http://amigo.geneontology.org/amigo/term/,,text,True,term_id,"GO release 2024-01-17, released 2024-06-20"
232,208,True,SnpEff_ensembl_PANTHER_GO_SLIM_cellular_component_list_id,SnpEff ensembl PANTHER GO-Slim Cellular Component,"The PANTHER GO-Slim Cellular Component annotations queried through PANTHER API for IDs corresponding to SnpEff_ensembl_Gene_ID column. If there is more than one gene ID, a non-redundant list of GO terms from all genes is shown here.",,,,http://amigo.geneontology.org/amigo/term/,,text,True,term_id,"GO release 2024-01-17, released 2024-06-20"
234,208,True,SnpEff_ensembl_PANTHER_GO_SLIM_molecular_function_list_id,SpnEff ensembl PANTHER GO-Slim Molecular Function,"The PANTHER GO-Slim Molecular Function annotations queried through PANTHER API for IDs corresponding to SnpEff_ensembl_Gene_ID column. If there is more than one gene ID, a non-redundant list of GO terms from all genes is shown here.",,,,http://amigo.geneontology.org/amigo/term/,,text,True,term_id,"GO release 2024-01-17, released 2024-06-20"
646,208,True,SnpEff_ensembl_PANTHER_protein_class_list_id,SnpEff ensembl PANTHER Protein Class,"The PANTHER Protein Class annotations queried through PANTHER API for IDs corresponding to SnpEff_ensembl_Gene_ID column. If there is more than one gene ID, a non-redundant list of PANTHER Protein Class terms from all genes is shown here.",,,,https://pantherdb.org/panther/category.do?categoryAcc=,,text,True,term_id,"PANTHER UPL 19, released 2024-06-20"
236,208,True,SnpEff_ensembl_PANTHER_pathway_list_id,SnpEff ensembl PANTHER Pathways,"The PANTHER pathway annotations queried through PANTHER API for IDs corresponding to SnpEff_ensembl_Gene_ID column. If there is more than one gene ID, a non-redundant list of PANTHER Pathways from all genes is shown here.",,,,https://pantherdb.org/pathway/pathwayDiagram.jsp?catAccession=,,text,True,term_id,"PANTHER UPL 19, released 2024-06-20"
239,208,True,SnpEff_ensembl_REACTOME_pathway_list_id,SnpEff ensembl Reactome pathways,"The Reactome Pathway annotations queried through PANTHER API for IDs corresponding to SnpEff_ensembl_Gene_ID column. If there is more than one gene ID, a non-redundant list of Reactome Pathways from all genes is shown here.",,,,https://reactome.org/PathwayBrowser/#/,,text,True,term_id,"Reactome database version 86, released 2023-09-07"
250,208,True,SnpEff_refseq_CDS_position/CDS_len,,"""CDS position and length as to a transcript. Format: CDS position/CDS length Multiple annotations are separated by ""|"" The order corresponds to SnpEff_refseq_Transcript_ID""",,,,,,text,True,,
251,208,True,SnpEff_refseq_Distance_to_feature,,"""distance to feature. Multiple annotations are separated by ""|"" The order corresponds to SnpEff_refseq_Transcript_ID""",,,,,,text,True,,
252,208,True,SnpEff_refseq_Effect,,"""SnpEff consequence with RefSeq as gene model. Multiple consequences are separated by ""|"" The order corresponds to SnpEff_refseq_Transcript_ID""",,,,,,text,True,,
253,208,True,SnpEff_refseq_Effect_impact,,"""consequence impacts predicted by SnpEff. Multiple impacts are separated by ""|"" The order corresponds to SnpEff_refseq_Transcript_ID""",,,,,,text,True,,
254,208,True,SnpEff_refseq_Exon_or_intron_rank/total,,"""exon (intron) rank and total number as to a transcript. Format: exon or intron rank / total exon or intron number Multiple annotations are separated by ""|"" The order corresponds to SnpEff_refseq_Transcript_ID""",,,,,,text,True,,
261,208,True,SnpEff_refseq_Gene_ID,,"""RefSeq gene IDs corresponding to transcripts. Multiple IDs are separated by ""|"" The order corresponds to SnpEff_refseq_Transcript_ID""",,,,,,text,True,,
262,208,True,SnpEff_refseq_Gene_name,,"""RefSeq gene names corresponding to transcripts. Multiple gene names are separated by ""|"" The order corresponds to SnpEff_refseq_Transcript_ID""",,,,,,text,True,,
263,208,True,SnpEff_refseq_HGVSc,,"""variant in format of HGVSc. Multiple annotations are separated by ""|"" The order corresponds to SnpEff_refseq_Transcript_ID""",,,,,,text,True,,
264,208,True,SnpEff_refseq_HGVSp,,"""variant in format of HGVSp. Multiple annotations are separated by ""|"" The order corresponds to SnpEff_refseq_Transcript_ID""",,,,,,text,True,,
265,208,True,SnpEff_refseq_LOF/NMD,,"""LOF or NMD by SnpEff.""",,,,,,text,True,,
266,208,True,SnpEff_refseq_LOF/NMD_gene_ID,,"""gene ID corresponding to SnpEff_refseq_LOF/NMD.""",,,,,,text,True,,
267,208,True,SnpEff_refseq_LOF/NMD_gene_name,,"""gene name corresponding to SnpEff_refseq_LOF/NMD.""",,,,,,text,True,,
268,208,True,SnpEff_refseq_LOF/NMD_num_transcripts_affected,,"""number of transcripts affected corresponding to SnpEff_refseq_LOF/NMD.""",,,,,,text,True,,
269,208,True,SnpEff_refseq_LOF/NMD_percent_transcripts_affected,,"""percentage of transcripts affected corresponding to SnpEff_refseq_LOF/NMD.""",,,,,,text,True,,
278,208,True,SnpEff_refseq_Protein_position/Protein_len,,"""protein position and length as to a transcript. Format: protein position/protein length Multiple annotations are separated by ""|"" The order corresponds to SnpEff_refseq_Transcript_ID""",,,,,,text,True,,
281,208,True,SnpEff_refseq_Sequence_feature,,"""SnpEff consequence features. Multiple features are separated by ""|"" The order corresponds to SnpEff_refseq_Transcript_ID""",,,,,,text,True,,
282,208,True,SnpEff_refseq_Sequence_feature_impact,,"""sequence feature impacts predicted by SnpEff. Multiple impacts are separated by ""|"" The order corresponds to SnpEff_refseq_Transcript_ID""",,,,,,text,True,,
283,208,True,SnpEff_refseq_Transcript_ID,,"""RefSeq transcript IDs corresponding to consequences. Multiple IDs are separated by ""|""""",,,,https://www.ncbi.nlm.nih.gov/nuccore/,https://www.ncbi.nlm.nih.gov/nuccore/NM_130386,text,True,,
284,208,True,SnpEff_refseq_Transcript_biotype,,"""biotype of transcript. Multiple biotypes are separated by ""|"" The order corresponds to SnpEff_refseq_Transcript_ID""",,,,,,text,True,,
285,208,True,SnpEff_refseq_Warnings,,"""SnpEff warnings. Multiple annotations are separated by ""|"" The order corresponds to SnpEff_refseq_Transcript_ID""",,,,,,text,True,,
286,208,True,SnpEff_refseq_cDNA_position/cDNA_len,,"""cDNA position and length as to a transcript. Format: cDNA position/cDNA length Multiple annotations are separated by ""|"" The order corresponds to SnpEff_refseq_Transcript_ID""",,,,,,text,True,,
287,208,True,SnpEff_refseq_summary,,"""SnpEff consequence summary with RefSeq as gene model. Format: GeneID(total number of transcripts):consequence#1(number of transcripts affected) consequence#2(number of transcripts affected)... Multiple genes are separated by ""|""""",,,,,,text,True,,
256,208,True,SnpEff_refseq_GO_biological_process_complete_list_id,SnpEff refseq GO biological process complete,"The complete GO biological process annotations queried through PANTHER API for IDs corresponding to  SnpEff_refseq_Transcript_ID column. If there is more than one gene ID, a non-redundant list of GO terms from all genes is shown here.",,,,http://amigo.geneontology.org/amigo/term/,,text,True,term_id,"GO database released 2024-06-17, DOI: 10.5281/zenodo.12173881"
258,208,True,SnpEff_refseq_GO_cellular_component_complete_list_id,SnpEff refseq GO cellular component complete,"The complete GO cellular component annotations queried through PANTHER API for IDs corresponding to SnpEff_refseq_Transcript_ID column. If there is more than one gene ID, a non-redundant list of GO terms from all genes is shown here.",,,,http://amigo.geneontology.org/amigo/term/,,text,True,term_id,"GO database released 2024-06-17, DOI: 10.5281/zenodo.12173881"
260,208,True,SnpEff_refseq_GO_molecular_function_complete_list_id,SnpEff refseq GO molecular function complete,"The complete GO cellular component annotations queried through PANTHER API for IDs corresponding to SnpEff_refseq_Transcript_ID column. If there is more than one gene ID, a non-redundant list of GO terms from all genes is shown here.",,,,http://amigo.geneontology.org/amigo/term/,,text,True,term_id,"GO database released 2024-06-17, DOI: 10.5281/zenodo.12173881"
271,208,True,SnpEff_refseq_PANTHER_GO_SLIM_biological_process_list_id,SnpEff refseq PANTHER GO-Slim Biological Process,"The PANTHER GO-Slim Biological Process annotations queried through PANTHER API for IDs corresponding to SnpEff_refseq_Transcript_ID column. If there is more than one gene ID, a non-redundant list of GO terms from all genes is shown here..",,,,http://amigo.geneontology.org/amigo/term/,,text,True,term_id,"GO release 2024-01-17, released 2024-06-20"
273,208,True,SnpEff_refseq_PANTHER_GO_SLIM_cellular_component_list_id,SnpEff refseq PANTHER GO-Slim Cellular Component,"The PANTHER GO-Slim Cellular Component annotations queried through PANTHER API for IDs corresponding to SnpEff_refseq_Transcript_ID column. If there is more than one gene ID, a non-redundant list of GO terms from all genes is shown here.",,,,http://amigo.geneontology.org/amigo/term/,,text,True,term_id,"GO release 2024-01-17, released 2024-06-20"
275,208,True,SnpEff_refseq_PANTHER_GO_SLIM_molecular_function_list_id,SnpEff refseq PANTHER GO-Slim Molecular Function,"The PANTHER GO-Slim Molecular Function annotations queried through PANTHER API for IDs corresponding to SnpEff_refseq_Transcript_ID column. If there is more than one gene ID, a non-redundant list of GO terms from all genes is shown here.",,,,http://amigo.geneontology.org/amigo/term/,,text,True,term_id,"GO release 2024-01-17, released 2024-06-20"
647,208,True,SnpEff_refseq_PANTHER_protein_class_list_id,SnpEff refseq PANTHER Protein Class,"The PANTHER Protein Class annotations queried through PANTHER API for IDs corresponding to SnpEff_refseq_Transcript_ID column. If there is more than one gene ID, a non-redundant list of PANTHER Protein Class terms from all genes is shown here.",,,,https://pantherdb.org/panther/category.do?categoryAcc=,,text,True,term_id,"PANTHER UPL 19, released 2024-06-20"
277,208,True,SnpEff_refseq_PANTHER_pathway_list_id,SnpEff refseq PANTHER Pathways,"The PANTHER pathway annotations queried through PANTHER API for IDs corresponding to SnpEff_refseq_Transcript_ID column. If there is more than one gene ID, a non-redundant list of PANTHER Pathways from all genes is shown here.",,,,https://pantherdb.org/pathway/pathwayDiagram.jsp?catAccession=,,text,True,term_id,"PANTHER UPL 19, released 2024-06-20"
280,208,True,SnpEff_refseq_REACTOME_pathway_list_id,SnpEff refseq Reactome pathways,"The Reactome Pathway annotations queried through PANTHER API for IDs corresponding to SnpEff_refseq_Transcript_ID column. If there is more than one gene ID, a non-redundant list of Reactome Pathways from all genes is shown here.",,,,https://reactome.org/PathwayBrowser/#/,,text,True,term_id,"Reactome database version 86, released 2023-09-07"
289,288,False,1000Gp3,The 1000 Genome Project Phase 3 (1000Gp3),Allele frequency data catalogued by the whole 1000 genomes phase 3 (1000Gp3) data,https://www.internationalgenome.org/1000-genomes-summary,26432245,,,,,,,The 1000 genome project phase 3 (1000Gp3) - release/20130502/ 
302,288,False,ESP6500,,Exome allele frequencies from the Exome Sequencing Project ESP6500SI-V2 release,http://evs.gs.washington.edu/EVS/,,,,,,,,ESP6500SI-V2 release
309,288,False,ExAC,,Exome allele frequencies from the Exome Aggregation Consortium release 0.3,http://exac.broadinstitute.org/,,,,,,,,Exome allele frequencies from the Exome Aggregation Consortium release 0.3
326,288,False,UK10K,,Total allele count in called genotypes in UK10K cohort.,https://www.uk10k.org/studies/cohorts.html,,,,,,,,UK10K_COHORT.20140722
330,288,False,gnomAD,,"Exome and whole genome allele frequencies from the Genome Aggregation Database (123,136 exomes and 15,496 whole genomes)",http://gnomad.broadinstitute.org/,32461654,,,,,,,r2.1.1 exomes and  v3.1 genomes
290,289,True,1000Gp3_AC,,"""Alternative allele counts in the whole 1000 genomes phase 3 (1000Gp3) data.""",,,,,,long,,,
291,289,True,1000Gp3_AF,,"""Alternative allele frequency in the whole 1000Gp3 data.""",,,,,,float,,,
292,289,True,1000Gp3_AFR_AC,,"""Alternative allele counts in the 1000Gp3 African descendent samples.""",,,,,,long,,,
293,289,True,1000Gp3_AFR_AF,,"""Alternative allele frequency in the 1000Gp3 African descendent samples.""",,,,,,float,,,
294,289,True,1000Gp3_AMR_AC,,"""Alternative allele counts in the 1000Gp3 American descendent samples.""",,,,,,long,,,
295,289,True,1000Gp3_AMR_AF,,"""Alternative allele frequency in the 1000Gp3 American descendent samples.""",,,,,,float,,,
296,289,True,1000Gp3_EAS_AC,,"""Alternative allele counts in the 1000Gp3 East Asian descendent samples.""",,,,,,long,,,
297,289,True,1000Gp3_EAS_AF,,"""Alternative allele frequency in the 1000Gp3 East Asian descendent samples.""",,,,,,float,,,
298,289,True,1000Gp3_EUR_AC,,"""Alternative allele counts in the 1000Gp3 European descendent samples.""",,,,,,long,,,
299,289,True,1000Gp3_EUR_AF,,"""Alternative allele frequency in the 1000Gp3 European descendent samples.""",,,,,,float,,,
300,289,True,1000Gp3_SAS_AC,,"""Alternative allele counts in the 1000Gp3 South Asian descendent samples.""",,,,,,long,,,
301,289,True,1000Gp3_SAS_AF,,"""Alternative allele frequency in the 1000Gp3 South Asian descendent samples.""",,,,,,float,,,
303,302,True,ESP6500_AA_AC,,"""Alternative allele counts in the African American samples of the NHLBI GO Exome Sequencing Project (ESP6500 data set).""",,,,,,long,,,
304,302,True,ESP6500_AA_AF,,"""Alternative allele frequency in the African American samples of the NHLBI GO Exome Sequencing Project (ESP6500 data set).""",,,,,,float,,,
305,302,True,ESP6500_AC,,"""Alternative allele counts in the combined African/European American samples of the NHLBI GO Exome Sequencing Project (ESP6500 data set).""",,,,,,long,,,
306,302,True,ESP6500_AF,,"""Alternative allele frequency in the combined African/European American samples of the NHLBI GO Exome Sequencing Project (ESP6500 data set).""",,,,,,float,,,
307,302,True,ESP6500_EA_AC,,"""Alternative allele counts in the European American samples of the NHLBI GO Exome Sequencing Project (ESP6500 data set).""",,,,,,long,,,
308,302,True,ESP6500_EA_AF,,"""Alternative allele frequency in the European American samples of the NHLBI GO Exome Sequencing Project (ESP6500 data set).""",,,,,,float,,,
310,309,True,ExAC_AC,,"""Allele count in total ExAC samples (60,706 samples)""",,,,,,long,,,
311,309,True,ExAC_AF,,"""Allele frequency in total ExAC samples""",,,,,,float,,,
312,309,True,ExAC_AFR_AC,,"""Adjusted Alt allele counts (DP >= 10 & GQ >= 20) in African & African American ExAC samples""",,,,,,long,,,
313,309,True,ExAC_AFR_AF,,"""Adjusted Alt allele frequency (DP >= 10 & GQ >= 20) in African & African American ExAC samples""",,,,,,float,,,
314,309,True,ExAC_AMR_AC,,"""Adjusted Alt allele counts (DP >= 10 & GQ >= 20) in American ExAC samples""",,,,,,long,,,
315,309,True,ExAC_AMR_AF,,"""Adjusted Alt allele frequency (DP >= 10 & GQ >= 20) in American ExAC samples""",,,,,,float,,,
316,309,True,ExAC_Adj_AC,,"""Adjusted Alt allele counts (DP >= 10 & GQ >= 20) in total ExAC samples""",,,,,,long,,,
317,309,True,ExAC_Adj_AF,,"""Adjusted Alt allele frequency (DP >= 10 & GQ >= 20) in total ExAC samples""",,,,,,float,,,
318,309,True,ExAC_EAS_AC,,"""Adjusted Alt allele counts (DP >= 10 & GQ >= 20) in East Asian ExAC samples""",,,,,,long,,,
319,309,True,ExAC_EAS_AF,,"""Adjusted Alt allele frequency (DP >= 10 & GQ >= 20) in East Asian ExAC samples""",,,,,,text,True,,
320,309,True,ExAC_FIN_AC,,"""Adjusted Alt allele counts (DP >= 10 & GQ >= 20) in Finnish ExAC samples""",,,,,,long,,,
321,309,True,ExAC_FIN_AF,,"""Adjusted Alt allele frequency (DP >= 10 & GQ >= 20) in Finnish ExAC samples""",,,,,,text,True,,
322,309,True,ExAC_NFE_AC,,"""Adjusted Alt allele counts (DP >= 10 & GQ >= 20) in Non-Finnish European ExAC samples""",,,,,,long,,,
323,309,True,ExAC_NFE_AF,,"""Adjusted Alt allele frequency (DP >= 10 & GQ >= 20) in Non-Finnish European ExAC samples""",,,,,,float,,,
324,309,True,ExAC_SAS_AC,,"""Adjusted Alt allele counts (DP >= 10 & GQ >= 20) in South Asian ExAC samples""",,,,,,long,,,
325,309,True,ExAC_SAS_AF,,"""Adjusted Alt allele frequency (DP >= 10 & GQ >= 20) in South Asian ExAC samples""",,,,,,float,,,
327,326,True,UK10K_AC,,"""Alternative allele count in called genotypes in UK10K cohorts.""",,,,,,long,,,
328,326,True,UK10K_AF,,"""Alternative allele frequency in called genotypes in UK10K cohorts.""",,,,,,float,,,
329,326,True,UK10K_AN,,"""Total allele count in called genotypes in UK10K cohorts.""",,,,,,long,,,
331,330,True,gnomAD_exomes_AC,,"""Alternative allele count in the whole gnomAD exome samples (125,748 samples)""",,,,,,long,,,
332,330,True,gnomAD_exomes_AF,,"""Alternative allele frequency in the whole gnomAD exome samples (125,748 samples)""",,,,,,float,,,
333,330,True,gnomAD_exomes_AFR_AC,,"""Alternative allele count in the African/African American gnomAD exome samples (8,128 samples)""",,,,,,long,,,
334,330,True,gnomAD_exomes_AFR_AF,,"""Alternative allele frequency in the African/African American gnomAD exome samples (8,128 samples)""",,,,,,float,,,
335,330,True,gnomAD_exomes_AFR_AN,,"""Total allele count in the African/African American gnomAD exome samples (8,128 samples)""",,,,,,long,,,
336,330,True,gnomAD_exomes_AFR_nhomalt,,"""Count of individuals with homozygous alternative allele in the African/African American gnomAD exome samples (8,128 samples)""",,,,,,long,,,
337,330,True,gnomAD_exomes_AMR_AC,,"""Alternative allele count in the Latino gnomAD exome samples (17,296 samples)""",,,,,,long,,,
338,330,True,gnomAD_exomes_AMR_AF,,"""Alternative allele frequency in the Latino gnomAD exome samples (17,296 samples)""",,,,,,float,,,
339,330,True,gnomAD_exomes_AMR_AN,,"""Total allele count in the Latino gnomAD exome samples (17,296 samples)""",,,,,,long,,,
340,330,True,gnomAD_exomes_AMR_nhomalt,,"""Count of individuals with homozygous alternative allele in the Latino gnomAD exome samples (17,296 samples)""",,,,,,long,,,
341,330,True,gnomAD_exomes_AN,,"""Total allele count in the whole gnomAD exome samples (125,748 samples)""",,,,,,long,,,
342,330,True,gnomAD_exomes_ASJ_AC,,"""Alternative allele count in the Ashkenazi Jewish gnomAD exome samples (5,040 samples)""",,,,,,long,,,
343,330,True,gnomAD_exomes_ASJ_AF,,"""Alternative allele frequency in the Ashkenazi Jewish gnomAD exome samples (5,040 samples)""",,,,,,text,True,,
344,330,True,gnomAD_exomes_ASJ_AN,,"""Total allele count in the Ashkenazi Jewish gnomAD exome samples (5,040 samples)""",,,,,,long,,,
345,330,True,gnomAD_exomes_ASJ_nhomalt,,"""Count of individuals with homozygous alternative allele in the Ashkenazi Jewish gnomAD exome samples (5,040 samples)""",,,,,,long,,,
346,330,True,gnomAD_exomes_EAS_AC,,"""Alternative allele count in the East Asian gnomAD exome samples (9,197 samples)""",,,,,,long,,,
347,330,True,gnomAD_exomes_EAS_AF,,"""Alternative allele frequency in the East Asian gnomAD exome samples (9,197 samples)""",,,,,,text,True,,
348,330,True,gnomAD_exomes_EAS_AN,,"""Total allele count in the East Asian gnomAD exome samples (9,197 samples)""",,,,,,long,,,
349,330,True,gnomAD_exomes_EAS_nhomalt,,"""Count of individuals with homozygous alternative allele in the East Asian gnomAD exome samples (9,197 samples)""",,,,,,long,,,
350,330,True,gnomAD_exomes_FIN_AC,,"""Alternative allele count in the Finnish gnomAD exome samples (10,824 samples)""",,,,,,long,,,
351,330,True,gnomAD_exomes_FIN_AF,,"""Alternative allele frequency in the Finnish gnomAD exome samples (10,824 samples)""",,,,,,text,True,,
352,330,True,gnomAD_exomes_FIN_AN,,"""Total allele count in the Finnish gnomAD exome samples (10,824 samples)""",,,,,,long,,,
353,330,True,gnomAD_exomes_FIN_nhomalt,,"""Count of individuals with homozygous alternative allele in the Finnish gnomAD exome samples (10,824 samples)""",,,,,,long,,,
354,330,True,gnomAD_exomes_NFE_AC,,"""Alternative allele count in the Non-Finnish European gnomAD exome samples (56,885 samples)""",,,,,,long,,,
355,330,True,gnomAD_exomes_NFE_AF,,"""Alternative allele frequency in the Non-Finnish European gnomAD exome samples (56,885 samples)""",,,,,,float,,,
356,330,True,gnomAD_exomes_NFE_AN,,"""Total allele count in the Non-Finnish European gnomAD exome samples (56,885 samples)""",,,,,,long,,,
357,330,True,gnomAD_exomes_NFE_nhomalt,,"""Count of individuals with homozygous alternative allele in the Non-Finnish European gnomAD exome samples (56,885 samples)""",,,,,,long,,,
358,330,True,gnomAD_exomes_POPMAX_AC,,"""Allele count in the population with the maximum AF""",,,,,,long,,,
359,330,True,gnomAD_exomes_POPMAX_AF,,"""Maximum allele frequency across populations (excluding samples of Ashkenazi, Finnish, and indeterminate ancestry)""",,,,,,text,True,,
360,330,True,gnomAD_exomes_POPMAX_AN,,"""Total number of alleles in the population with the maximum AF""",,,,,,long,,,
361,330,True,gnomAD_exomes_POPMAX_nhomalt,,"""Count of homozygous individuals in the population with the maximum allele frequency""",,,,,,long,,,
362,330,True,gnomAD_exomes_SAS_AC,,"""Alternative allele count in the South Asian gnomAD exome samples (15,308 samples)""",,,,,,long,,,
363,330,True,gnomAD_exomes_SAS_AF,,"""Alternative allele frequency in the South Asian gnomAD exome samples (15,308 samples)""",,,,,,float,,,
364,330,True,gnomAD_exomes_SAS_AN,,"""Total allele count in the South Asian gnomAD exome samples (15,308 samples)""",,,,,,long,,,
365,330,True,gnomAD_exomes_SAS_nhomalt,,"""Count of individuals with homozygous alternative allele in the South Asian gnomAD exome samples (15,308 samples)""",,,,,,long,,,
366,330,True,gnomAD_exomes_controls_AC,,"""Alternative allele count in the controls subset of whole gnomAD exome samples (54,704 samples)""",,,,,,long,,,
367,330,True,gnomAD_exomes_controls_AF,,"""Alternative allele frequency in the controls subset of whole gnomAD exome samples (54,704 samples)""",,,,,,float,,,
368,330,True,gnomAD_exomes_controls_AFR_AC,,"""Alternative allele count in the controls subset of African/African American gnomAD exome samples (3,582 samples)""",,,,,,long,,,
369,330,True,gnomAD_exomes_controls_AFR_AF,,"""Alternative allele frequency in the controls subset of African/African American gnomAD exome samples (3,582 samples)""",,,,,,float,,,
370,330,True,gnomAD_exomes_controls_AFR_AN,,"""Total allele count in the controls subset of African/African American gnomAD exome samples (3,582 samples)""",,,,,,long,,,
371,330,True,gnomAD_exomes_controls_AFR_nhomalt,,"""Count of individuals with homozygous alternative allele in the controls subset of African/African American gnomAD exome samples (3,582 samples)""",,,,,,long,,,
372,330,True,gnomAD_exomes_controls_AMR_AC,,"""Alternative allele count in the controls subset of Latino gnomAD exome samples (8,556 samples)""",,,,,,long,,,
373,330,True,gnomAD_exomes_controls_AMR_AF,,"""Alternative allele frequency in the controls subset of Latino gnomAD exome samples (8,556 samples)""",,,,,,float,,,
374,330,True,gnomAD_exomes_controls_AMR_AN,,"""Total allele count in the controls subset of Latino gnomAD exome samples (8,556 samples)""",,,,,,long,,,
375,330,True,gnomAD_exomes_controls_AMR_nhomalt,,"""Count of individuals with homozygous alternative allele in the controls subset of Latino gnomAD exome samples (8,556 samples)""",,,,,,long,,,
376,330,True,gnomAD_exomes_controls_AN,,"""Total allele count in the controls subset of whole gnomAD exome samples (54,704 samples)""",,,,,,long,,,
377,330,True,gnomAD_exomes_controls_ASJ_AC,,"""Alternative allele count in the controls subset of Ashkenazi Jewish gnomAD exome samples (1,160 samples)""",,,,,,long,,,
378,330,True,gnomAD_exomes_controls_ASJ_AF,,"""Alternative allele frequency in the controls subset of Ashkenazi Jewish gnomAD exome samples (1,160 samples)""",,,,,,text,True,,
379,330,True,gnomAD_exomes_controls_ASJ_AN,,"""Total allele count in the controls subset of Ashkenazi Jewish gnomAD exome samples (1,160 samples)""",,,,,,long,,,
380,330,True,gnomAD_exomes_controls_ASJ_nhomalt,,"""Count of individuals with homozygous alternative allele in the controls subset of Ashkenazi Jewish gnomAD exome samples (1,160 samples)""",,,,,,long,,,
381,330,True,gnomAD_exomes_controls_EAS_AC,,"""Alternative allele count in the controls subset of East Asian gnomAD exome samples (4,523 samples)""",,,,,,long,,,
382,330,True,gnomAD_exomes_controls_EAS_AF,,"""Alternative allele frequency in the controls subset of East Asian gnomAD exome samples (4,523 samples)""",,,,,,text,True,,
383,330,True,gnomAD_exomes_controls_EAS_AN,,"""Total allele count in the controls subset of East Asian gnomAD exome samples (4,523 samples)""",,,,,,long,,,
384,330,True,gnomAD_exomes_controls_EAS_nhomalt,,"""Count of individuals with homozygous alternative allele in the controls subset of East Asian gnomAD exome samples (4,523 samples)""",,,,,,long,,,
385,330,True,gnomAD_exomes_controls_FIN_AC,,"""Alternative allele count in the controls subset of Finnish gnomAD exome samples (6,697 samples)""",,,,,,long,,,
386,330,True,gnomAD_exomes_controls_FIN_AF,,"""Alternative allele frequency in the controls subset of Finnish gnomAD exome samples (6,697 samples)""",,,,,,text,True,,
387,330,True,gnomAD_exomes_controls_FIN_AN,,"""Total allele count in the controls subset of Finnish gnomAD exome samples (6,697 samples)""",,,,,,long,,,
388,330,True,gnomAD_exomes_controls_FIN_nhomalt,,"""Count of individuals with homozygous alternative allele in the controls subset of Finnish gnomAD exome samples (6,697 samples)""",,,,,,long,,,
389,330,True,gnomAD_exomes_controls_NFE_AC,,"""Alternative allele count in the controls subset of Non-Finnish European gnomAD exome samples (21,384 samples)""",,,,,,long,,,
390,330,True,gnomAD_exomes_controls_NFE_AF,,"""Alternative allele frequency in the controls subset of Non-Finnish European gnomAD exome samples (21,384 samples)""",,,,,,float,,,
391,330,True,gnomAD_exomes_controls_NFE_AN,,"""Total allele count in the controls subset of Non-Finnish European gnomAD exome samples (21,384 samples)""",,,,,,long,,,
392,330,True,gnomAD_exomes_controls_NFE_nhomalt,,"""Count of individuals with homozygous alternative allele in the controls subset of Non-Finnish European gnomAD exome samples (21,384 samples)""",,,,,,long,,,
393,330,True,gnomAD_exomes_controls_POPMAX_AC,,"""Allele count in the controls subset of population with the maximum AF""",,,,,,long,,,
394,330,True,gnomAD_exomes_controls_POPMAX_AF,,"""Maximum allele frequency across populations (excluding samples of Ashkenazi, Finnish, and indeterminate ancestry) in the controls subset""",,,,,,text,True,,
395,330,True,gnomAD_exomes_controls_POPMAX_AN,,"""Total number of alleles in the controls subset of population with the maximum AF""",,,,,,long,,,
396,330,True,gnomAD_exomes_controls_POPMAX_nhomalt,,"""Count of homozygous individuals in the controls subset of population with the maximum allele frequency""",,,,,,long,,,
397,330,True,gnomAD_exomes_controls_SAS_AC,,"""Alternative allele count in the controls subset of South Asian gnomAD exome samples (7,845 samples)""",,,,,,long,,,
398,330,True,gnomAD_exomes_controls_SAS_AF,,"""Alternative allele frequency in the controls subset of South Asian gnomAD exome samples (7,845 samples)""",,,,,,float,,,
399,330,True,gnomAD_exomes_controls_SAS_AN,,"""Total allele count in the controls subset of South Asian gnomAD exome samples (7,845 samples)""",,,,,,long,,,
400,330,True,gnomAD_exomes_controls_SAS_nhomalt,,"""Count of individuals with homozygous alternative allele in the controls subset of South Asian gnomAD exome samples (7,845 samples)""",,,,,,long,,,
401,330,True,gnomAD_exomes_controls_nhomalt,,"""Count of individuals with homozygous alternative allele in the controls subset of whole gnomAD exome samples (54,704 samples)""",,,,,,long,,,
402,330,True,gnomAD_exomes_flag,,"""information from gnomAD exome data indicating whether the variant falling within low-complexity (lcr) or segmental duplication (segdup) or decoy regions. The flag can be either ""."" for high-quality PASS or not reported/polymorphic in gnomAD exomes, ""lcr"" for within lcr, ""segdup"" for within segdup, or ""decoy"" for with decoy region.""",,,,,,text,True,,
403,330,True,gnomAD_exomes_nhomalt,,"""Count of individuals with homozygous alternative allele in the whole gnomAD exome samples (125,748 samples)""",,,,,,long,,,
404,330,True,gnomAD_genomes_AC,,"""Alternative allele count in the whole gnomAD genome samples v3.1""",,,,,,long,,,
405,330,True,gnomAD_genomes_AF,,"""Alternative allele frequency in the whole gnomAD genome samples v3.1""",,,,,,float,,,
406,330,True,gnomAD_genomes_AFR_AC,,"""Alternative allele count in the African/African American gnomAD genome samples v3.1""",,,,,,long,,,
407,330,True,gnomAD_genomes_AFR_AF,,"""Alternative allele frequency in the African/African American gnomAD genome samples v3.1""",,,,,,float,,,
408,330,True,gnomAD_genomes_AFR_AN,,"""Total allele count in the African/African American gnomAD genome samples v3.1""",,,,,,long,,,
409,330,True,gnomAD_genomes_AFR_nhomalt,,"""Count of individuals with homozygous alternative allele in the African/African American gnomAD genome samples v3.1""",,,,,,long,,,
410,330,True,gnomAD_genomes_AMR_AC,,"""Alternative allele count in the Latino gnomAD genome samples v3.1""",,,,,,long,,,
411,330,True,gnomAD_genomes_AMR_AF,,"""Alternative allele frequency in the Latino gnomAD genome samples v3.1""",,,,,,text,True,,
412,330,True,gnomAD_genomes_AMR_AN,,"""Total allele count in the Latino gnomAD genome samples v3.1""",,,,,,long,,,
413,330,True,gnomAD_genomes_AMR_nhomalt,,"""Count of individuals with homozygous alternative allele in the Latino gnomAD genome samples v3.1""",,,,,,long,,,
414,330,True,gnomAD_genomes_AN,,"""Total allele count in the whole gnomAD genome samples v3.1""",,,,,,long,,,
415,330,True,gnomAD_genomes_ASJ_AC,,"""Alternative allele count in the Ashkenazi Jewish gnomAD genome samples v3.1""",,,,,,long,,,
416,330,True,gnomAD_genomes_ASJ_AF,,"""Alternative allele frequency in the Ashkenazi Jewish gnomAD genome samples v3.1""",,,,,,text,True,,
417,330,True,gnomAD_genomes_ASJ_AN,,"""Total allele count in the Ashkenazi Jewish gnomAD genome samples v3.1""",,,,,,long,,,
418,330,True,gnomAD_genomes_ASJ_nhomalt,,"""Count of individuals with homozygous alternative allele in the Ashkenazi Jewish gnomAD genome samples v3.1""",,,,,,long,,,
419,330,True,gnomAD_genomes_EAS_AC,,"""Alternative allele count in the East Asian gnomAD genome samples v3.1""",,,,,,long,,,
420,330,True,gnomAD_genomes_EAS_AF,,"""Alternative allele frequency in the East Asian gnomAD genome samples v3.1""",,,,,,text,True,,
421,330,True,gnomAD_genomes_EAS_AN,,"""Total allele count in the East Asian gnomAD genome samples v3.1""",,,,,,long,,,
422,330,True,gnomAD_genomes_EAS_nhomalt,,"""Count of individuals with homozygous alternative allele in the East Asian gnomAD genome samples v3.1""",,,,,,long,,,
423,330,True,gnomAD_genomes_FIN_AC,,"""Alternative allele count in the Finnish gnomAD genome samples v3.1""",,,,,,long,,,
424,330,True,gnomAD_genomes_FIN_AF,,"""Alternative allele frequency in the Finnish gnomAD genome samples v3.1""",,,,,,text,True,,
425,330,True,gnomAD_genomes_FIN_AN,,"""Total allele count in the Finnish gnomAD genome samples v3.1""",,,,,,long,,,
426,330,True,gnomAD_genomes_FIN_nhomalt,,"""Count of individuals with homozygous alternative allele in the Finnish gnomAD genome samples v3.1""",,,,,,long,,,
427,330,True,gnomAD_genomes_NFE_AC,,"""Alternative allele count in the Non-Finnish European gnomAD genome samples v3.1""",,,,,,long,,,
428,330,True,gnomAD_genomes_NFE_AF,,"""Alternative allele frequency in the Non-Finnish European gnomAD genome samples v3.1""",,,,,,float,,,
429,330,True,gnomAD_genomes_NFE_AN,,"""Total allele count in the Non-Finnish European gnomAD genome samples v3.1""",,,,,,long,,,
430,330,True,gnomAD_genomes_NFE_nhomalt,,"""Count of individuals with homozygous alternative allele in the Non-Finnish European gnomAD genome samples v3.1""",,,,,,long,,,
431,330,True,gnomAD_genomes_POPMAX_AC,,"""Allele count in the population with the maximum AF""",,,,,,long,,,
432,330,True,gnomAD_genomes_POPMAX_AF,,"""Maximum allele frequency across populations v3.1""",,,,,,text,True,,
433,330,True,gnomAD_genomes_POPMAX_AN,,"""Total number of alleles in the population with the maximum AF""",,,,,,long,,,
434,330,True,gnomAD_genomes_POPMAX_nhomalt,,"""Count of homozygous individuals in the population with the maximum allele frequency""",,,,,,long,,,
467,330,True,gnomAD_genomes_flag,,"""information from gnomAD genome data indicating whether the variant falling within low-complexity v3.1 or decoy regions. The flag can be either ""."" for high-quality PASS or not reported/polymorphic in gnomAD exomes, ""lcr"" for within lcr, ""segdup"" for within segdup, or ""decoy"" for with decoy region.""",,,,,,text,True,,
468,330,True,gnomAD_genomes_nhomalt,,"""Count of individuals with homozygous alternative allele in the whole gnomAD genome samples v3.1""",,,,,,long,,,
470,469,False,clinvar,,DNA variants related to human diseases/phenotypes,https://www.ncbi.nlm.nih.gov/clinvar/,31777943,,,,,,,4/25/2022
480,469,False,COSMIC,,Catalogue Of Somatic Mutations In Cancer--Somatic coding variants discovered in cancer,https://cancer.sanger.ac.uk/cosmic/,30371878,,,,,,,v90
483,469,False,GWAS_catalog,,DNA variants associated with human diseases/phenotypes discovered in GWAS Catalogue.,https://www.genome.gov/gwastudies/,,,,,,,,e105_r2022-04-07
488,469,False,GRASP2,,"Genome-Wide Repository of Associations Between SNPs and Phenotypes -- DNA variants associated with human diseases/phenotypes discovered in GWAS studies, including eQTLs and other quantitative trait scans",https://grasp.nhlbi.nih.gov/Overview.aspx,24931982,,,,,,,
471,470,True,clinvar_MedGen_id,,"""MedGen ID of the trait/disease the clinvar_trait referring to""",,,,,,text,True,,
472,470,True,clinvar_OMIM_id,,"""OMIM ID of the trait/disease the clinvar_trait referring to""",,,,,,text,True,,
473,470,True,clinvar_Orphanet_id,,"""Orphanet ID of the trait/disease the clinvar_trait referring to""",,,,,,text,True,,
474,470,True,clinvar_clnsig,,"""clinical significance by clinvar Possible values: Benign, Likely_benign, Likely_pathogenic, Pathogenic, drug_response, histocompatibility. A negative score means the score is for the ref allele""",,,,,,text,True,,
475,470,True,clinvar_hgvs,,"""variant in HGVS format""",,,,,,text,True,,
476,470,True,clinvar_id,,"""clinvar variation ID""",,,,,,text,True,,
477,470,True,clinvar_review,,"""ClinVar Review Status summary Possible values:  no assertion criteria provided, criteria provided, single submitter, criteria provided, multiple submitters, no conflicts, reviewed by expert panel, practice guideline""",,,,,,text,True,,
478,470,True,clinvar_trait,,"""the trait/disease the clinvar_clnsig referring to""",,,,,,text,True,,
479,470,True,clinvar_var_source,,"""source of the variant""",,,,,,text,True,,
481,480,True,COSMIC_CNT,,"""number of samples having this SNV in the COSMIC database""",,,,,,long,,,
482,480,True,COSMIC_ID,,"""ID of the SNV at the COSMIC (Catalogue Of Somatic Mutations In Cancer) database""",,,,,,text,True,,
484,483,True,GWAS_catalog_OR,,"""reported odds ratio associated with strongest risk allele""",,,,,,float,,,
485,483,True,GWAS_catalog_pubmedid,,"""pubmedid of the paper describing the association Please note the association is determined by rs number only, may refer to a different allele""",,,,,,text,True,,
486,483,True,GWAS_catalog_rs,,"""rs number according to GWAS catalog Please note the association is determined by rs number only, may refer to a different allele""",,,,,,text,True,,
487,483,True,GWAS_catalog_trait,,"""associated trait according to GWAS catalog. Please note the association is determined by rs number only, may refer to a different allele""",,,,,,text,True,,
489,488,True,GRASP_PMID,,"""PMID number by GRASP""",,,,,,text,True,,
490,488,True,GRASP_ancestry,,"""population ancestry of the samples on which the association test was based""",,,,,,text,True,,
491,488,True,GRASP_p-value,,"""p-value of the association test based on the SNP""",,,,,,text,True,,
492,488,True,GRASP_phenotype,,"""phenotype the SNP associated with""",,,,,,text,True,,
493,488,True,GRASP_platform,,"""SNP platform on which the association test was based""",,,,,,text,True,,
494,488,True,GRASP_rs,,"""rs number by GRASP""",,,,,,long,,,
496,495,True,ALSPAC_AC,,"""Alternative allele count in called genotypes in UK10K TWINSUK cohort.""",https://www.uk10k.org/studies/cohorts.html,,,,,long,,,
497,495,True,ALSPAC_AF,,"""Alternative allele frequency in called genotypes in UK10K TWINSUK cohort.""",,,,,,float,,,
498,495,True,ALSPAC_AN,,"""Total allele count in called genotypes in UK10K TWINSUK cohort.""",,,,,,long,,,
499,495,True,APPRIS,,"""APPRIS annotation for the transcripts matching Ensembl_transcriptid Multiple entries separated by "";"". Potential values: principal1, principal2, principal3, principal4, principal5, alternative1, alternative2. See https://useast.ensembl.org/info/genome/genebuild/transcript_quality_tags.html""",,,,,,text,True,,
500,495,True,Aloft_Confidence,,"""Confidence level of Aloft_pred; values can be ""High Confidence"" (p < 0.05) or ""Low Confidence"" (p > 0.05) multiple values separated by "";"", corresponding to Ensembl_proteinid.""",,,,,,text,True,,
501,495,True,Aloft_Fraction_transcripts_affected,,"""the fraction of the transcripts of the gene affected i.e. No. of transcripts affected by the SNP/Total no. of protein_coding transcripts for the gene multiple values separated by "";"", corresponding to Ensembl_proteinid.""",,,,,,text,True,,
502,495,True,Aloft_pred,,"""final classification predicted by ALoFT; values can be Tolerant, Recessive or Dominant multiple values separated by "";"", corresponding to Ensembl_proteinid.""",,,,,,text,True,,
503,495,True,Aloft_prob_Dominant,,"""Probability of the SNP being classified as dominant disease-causing by ALoFT multiple values separated by "";"", corresponding to Ensembl_proteinid.""",,,,,,text,True,,
504,495,True,Aloft_prob_Recessive,,"""Probability of the SNP being classified as recessive disease-causing by ALoFT multiple values separated by "";"", corresponding to Ensembl_proteinid.""",,,,,,text,True,,
505,495,True,Aloft_prob_Tolerant,,"""Probability of the SNP being classified as benign by ALoFT multiple values separated by "";"", corresponding to Ensembl_proteinid.""",,,,,,text,True,,
506,495,True,CADD_phred,,"""CADD phred-like score, ranges 1-99, the larger the number the more likely damaging; score >10 means the variant in the top 10% (0.1) among the total 8.6 billion possible SNVs, >20 means in the top 1%, >30 means in the top 0.1%, etc. CADD suggests a cutoff between 10 and 20 (e.g. 15)""",,,,,,float,,,
507,495,True,CADD_raw,,"""CADD raw score, the larger the number the more likely damaging""",,,,,,float,,,
508,495,True,CADD_raw_rankscore,,"""the rank of the CADD_raw score among all CADD_raw scores in genome""",,,,,,float,,,
509,495,True,DEOGEN2_pred,,"""Prediction of DEOGEN2 score based on the authors' recommendation, ""T(olerated)"" or ""D(amaging)"". The score cutoff between ""D"" and ""T"" is 0.5.""",,,,,,text,True,,
510,495,True,DEOGEN2_rankscore,,"""DEOGEN2 scores were ranked among all DEOGEN2 scores in dbNSFP. The rankscore is the ratio of the rank of the score over the total number of DEOGEN2 scores in dbNSFP.""",,,,,,text,True,,
511,495,True,DEOGEN2_score,,"""A deleteriousness prediction score ""which incorporates heterogeneous information about the molecular effects of the variants, the domains involved, the relevance of the gene and the interactions in which it participates"". It ranges from 0 to 1. The larger the score, the more likely the variant is deleterious. The authors suggest a threshold of 0.5 for separating damaging vs tolerant variants.""",,,,,,text,True,,
512,495,True,ENCODE_Dnase_cells,,"""number of cell lines supporting a DNase I hypersensitive site""",,,,,,long,,,
513,495,True,ENCODE_Dnase_score,,"""the higher the score the stronger the evidence of a DNase I hypersensitive site""",,,,,,long,,,
514,495,True,ENCODE_TFBS,,"""name of the transcription factors (separated by ;) if the site is within a TFBS""",,,,,,text,True,,
515,495,True,ENCODE_TFBS_cells,,"""the cell lines (separated by ;) the TFBS was detected""",,,,,,text,True,,
516,495,True,ENCODE_TFBS_score,,"""the higher the score the stronger the evidence of the TFBS""",,,,,,text,True,,
517,495,True,ENCODE_annotated,,"""whether annotated by ENCODE based on funseq-0.1""",,,,,,text,True,,
518,495,True,Ensembl_Regulatory_Build_ID,,"""Ensembl ID for the regulatory feature""",,,,,,text,True,,
519,495,True,Ensembl_Regulatory_Build_TFBS,,"""transcription_factor_complex from Ensembl Regulatory Build. Multiple TF complexes separated by "",""; proteins from the same complex are separated by ""::""""",,,,,,text,True,,
520,495,True,Ensembl_Regulatory_Build_TFBS_matrix,,"""Ensembl binding_matrix_stable_id""",,,,,,text,True,,
521,495,True,Ensembl_Regulatory_Build_feature_type,,"""genome segment prediction based on 118 cell types from ENCODE, BLUEPRINT and Roadmap. Predicted states: CTCF_Binding_Site, Enhancer, Open_chromatin, Promoter_Flanking_Region, TF_binding_site, Promoter""",,,,,,text,True,,
522,495,True,Ensembl_geneid,,"""Ensembl gene id""",,,,,,text,True,,
523,495,True,Ensembl_proteinid,,"""Ensembl protein ids Multiple entries separated by "";"",  corresponding to Ensembl_transcriptids""",,,,,,text,True,,
524,495,True,Ensembl_transcriptid,,"""Ensembl transcript ids (Multiple entries separated by "";"")""",,,,,,text,True,,
525,495,True,FANTOM5_CAGE_peak_permissive,,"""whether the site is within a FANTOM5 phase 1 permissive Cap Analysis of Gene Expression (CAGE) peak permissive set. Y (Yes) or N (No). A CAGE peak generally suggests a promoter region""",,,,,,text,True,,
526,495,True,FANTOM5_CAGE_peak_robust,,"""whether the site is within a FANTOM5 phase 1+2 robust Cap Analysis of Gene Expression (CAGE) peak robust set. Y (Yes) or N (No). A CAGE peak generally suggests a promoter region""",,,,,,text,True,,
527,495,True,FANTOM5_enhancer_differentially_expressed_tissue_cell,,"""tissue or cell the enhancer expressed differentially (from FANTOM5 phase 1). multiple values are separated by ; possible values: neuronal_stem_cell,myoblast,osteoblast,ciliated_epithelial_cell, blood_vessel_endothelial_cell,mesothelial_cell,circulating_cell,T_cell,granulocyte,mast_cell, sensory_epithelial_cell,astrocyte,mesenchymal_cell,fat_cell,chondrocyte,melanocyte,hepatocyte, skeletal_muscle_cell,macrophage,keratinocyte,vascular_associated_smooth_muscle_cell,tendon_cell, dendritic_cell,stromal_cell,neuron,reticulocyte,corneal_epithelial_cell,monocyte,acinar_cell, natural_killer_cell,hepatic_stellate_cell,pericyte_cell,urothelial_cell,cardiac_myocyte,basophil, neutrophil,lymphocyte_of_B_lineage,endothelial_cell_of_lymphatic_vessel,epithelial_cell_of_Malassez, lens_epithelial_cell,epithelial_cell_of_prostate,epithelial_cell_of_esophagus, mammary_epithelial_cell,preadipocyte,keratocyte,trabecular_meshwork_cell,respiratory_epithelial_cell, enteric_smooth_muscle_cell,kidney_epithelial_cell,amniotic_epithelial_cell,cardiac_fibroblast, fibroblast_of_choroid_plexus,fibroblast_of_the_conjuctiva,fibroblast_of_gingiva, fibroblast_of_lymphatic_vessel,fibroblast_of_periodontium,fibroblast_of_pulmonary_artery, hair_follicle_cell,intestinal_epithelial_cell,iris_pigment_epithelial_cell,placental_epithelial_cell, retinal_pigment_epithelial_cell,bronchial_smooth_muscle_cell,smooth_muscle_cell_of_the_esophagus, smooth_muscle_cell_of_trachea,uterine_smooth_muscle_cell,skin_fibroblast,gingival_epithelial_cell, fibroblast_of_tunica_adventitia_of_artery,endothelial_cell_of_hepatic_sinusoid, smooth_muscle_cell_of_prostate,lymph_node,large_intestine,blood,throat,testis,stomach,heart,brain, eye,penis,female_gonad,uterus,vagina,adipose_tissue,esophagus,salivary_gland,skeletal_muscle_tissue, smooth_muscle_tissue,urinary_bladder,pancreas,tongue,submandibular_gland,parotid_gland,blood_vessel, placenta,thyroid_gland,lung,skin_of_body,spleen,liver,small_intestine,gallbladder,kidney,spinal_cord, umbilical_cord,meninx,prostate_gland,thymus,tonsil,olfactory_region,internal_male_genitalia""",,,,,,text,True,,
528,495,True,FANTOM5_enhancer_expressed_tissue_cell,,"""tissue or cell the enhancer expressed (from FANTOM5 phase 1). multiple values are separated by ; possible values: neuronal_stem_cell,myoblast,osteoblast,ciliated_epithelial_cell, blood_vessel_endothelial_cell,mesothelial_cell,circulating_cell,T_cell,granulocyte,mast_cell, sensory_epithelial_cell,astrocyte,mesenchymal_cell,fat_cell,chondrocyte,melanocyte,hepatocyte, skeletal_muscle_cell,macrophage,keratinocyte,vascular_associated_smooth_muscle_cell,tendon_cell, dendritic_cell,stromal_cell,neuron,reticulocyte,corneal_epithelial_cell,monocyte,acinar_cell, natural_killer_cell,hepatic_stellate_cell,pericyte_cell,urothelial_cell,cardiac_myocyte,basophil, neutrophil,lymphocyte_of_B_lineage,endothelial_cell_of_lymphatic_vessel,epithelial_cell_of_Malassez, lens_epithelial_cell,epithelial_cell_of_prostate,epithelial_cell_of_esophagus, mammary_epithelial_cell,preadipocyte,keratocyte,trabecular_meshwork_cell,respiratory_epithelial_cell, enteric_smooth_muscle_cell,kidney_epithelial_cell,amniotic_epithelial_cell,cardiac_fibroblast, fibroblast_of_choroid_plexus,fibroblast_of_the_conjuctiva,fibroblast_of_gingiva, fibroblast_of_lymphatic_vessel,fibroblast_of_periodontium,fibroblast_of_pulmonary_artery, hair_follicle_cell,intestinal_epithelial_cell,iris_pigment_epithelial_cell,placental_epithelial_cell, retinal_pigment_epithelial_cell,bronchial_smooth_muscle_cell,smooth_muscle_cell_of_the_esophagus, smooth_muscle_cell_of_trachea,uterine_smooth_muscle_cell,skin_fibroblast,gingival_epithelial_cell, fibroblast_of_tunica_adventitia_of_artery,endothelial_cell_of_hepatic_sinusoid, smooth_muscle_cell_of_prostate,lymph_node,large_intestine,blood,throat,testis,stomach,heart,brain, eye,penis,female_gonad,uterus,vagina,adipose_tissue,esophagus,salivary_gland,skeletal_muscle_tissue, smooth_muscle_tissue,urinary_bladder,pancreas,tongue,submandibular_gland,parotid_gland,blood_vessel, placenta,thyroid_gland,lung,skin_of_body,spleen,liver,small_intestine,gallbladder,kidney,spinal_cord, umbilical_cord,meninx,prostate_gland,thymus,tonsil,olfactory_region,internal_male_genitalia""",,,,,,text,True,,
529,495,True,FANTOM5_enhancer_permissive,,"""whether the site is within a FANTOM5 phase 1+2 predicted permissive enhancer Y (Yes) or N (No)""",,,,,,text,True,,
530,495,True,FANTOM5_enhancer_robust,,"""whether the site is within a FANTOM5 phase 1 predicted robust enhancer Y (Yes) or N (No)""",,,,,,text,True,,
531,495,True,FANTOM5_enhancer_target,,"""if the site is within a FANTOM5 phase 1 predicted robust enhancer, this is the name of the FANTOM5 predicted target gene of the enhancer.""",,,,,,text,True,,
532,495,True,FATHMM_converted_rankscore,,"""FATHMMori scores were first converted to FATHMMnew=1-(FATHMMori+16.13)/26.77, then ranked among all FATHMMnew scores in dbNSFP. The rankscore is the ratio of the rank of the score over the total number of FATHMMnew scores in dbNSFP. If there are multiple scores, only the most damaging (largest) rankscore is presented. The scores range from 0 to 1.""",,,,,,text,True,,
533,495,True,FATHMM_pred,,"""If a FATHMMori score is <=-1.5 (or rankscore >=0.81332) the corresponding nsSNV is predicted as ""D(AMAGING)""; otherwise it is predicted as ""T(OLERATED)"". Multiple predictions separated by "";"", corresponding to Ensembl_proteinid.""",,,,,,text,True,,
534,495,True,FATHMM_score,,"""FATHMM default score (weighted for human inherited-disease mutations with Disease Ontology) (FATHMMori). Scores range from -16.13 to 10.64. The smaller the score the more likely the SNP has damaging effect. Multiple scores separated by "";"", corresponding to Ensembl_proteinid.""",,,,,,text,True,,
535,495,True,GENCODE_basic,,"""Whether the transcript belongs to GENCODE_basic (5' and 3' complete transcripts). Multiple entries separated by "";"", matching Ensembl_transcriptid. See https://useast.ensembl.org/info/genome/genebuild/transcript_quality_tags.html""",,,,,,text,True,,
536,495,True,GERP_NR,,"""GERP++ neutral rate""",,,,,,float,,,
537,495,True,GERP_RS,,"""GERP++ RS score, the larger the score, the more conserved the site""",,,,,,float,,,
538,495,True,GERP_RS_rankscore,,"""the rank of the GERP_RS score among all GERP_RS scores in genome""",,,,,,float,,,
541,495,True,LRT_Omega,,"""estimated nonsynonymous-to-synonymous-rate ratio (Omega, reported by LRT)""",,,,,,text,True,,
542,495,True,LRT_converted_rankscore,,"""LRTori scores were first converted as LRTnew=1-LRTori*0.5 if Omega<1, or LRTnew=LRTori*0.5 if Omega>=1. Then LRTnew scores were ranked among all LRTnew scores in dbNSFP. The rankscore is the ratio of the rank over the total number of the scores in dbNSFP. The scores range from 0.00162 to 0.8433.""",,,,,,text,True,,
543,495,True,LRT_pred,,"""LRT prediction, D(eleterious), N(eutral) or U(nknown), which is not solely determined by the score.""",,,,,,text,True,,
544,495,True,LRT_score,,"""The original LRT two-sided p-value (LRTori), ranges from 0 to 1.""",,,,,,text,True,,
545,495,True,M-CAP_pred,,"""Prediction of M-CAP score based on the authors' recommendation, ""T(olerated)"" or ""D(amaging)"". The score cutoff between ""D"" and ""T"" is 0.025.""",,,,,,text,True,,
546,495,True,M-CAP_rankscore,,"""M-CAP scores were ranked among all M-CAP scores in dbNSFP. The rankscore is the ratio of the rank of the score over the total number of M-CAP scores in dbNSFP.""",,,,,,text,True,,
547,495,True,M-CAP_score,,"""M-CAP score (details in DOI: 10.1038/ng.3703). Scores range from 0 to 1. The larger the score the more likely the SNP has damaging effect.""",,,,,,text,True,,
548,495,True,MPC_rankscore,,"""MPC scores were ranked among all MPC scores in dbNSFP. The rankscore is the ratio of the rank of the score over the total number of MPC scores in dbNSFP.""",,,,,,text,True,,
549,495,True,MPC_score,,"""A deleteriousness prediction score for missense variants based on regional missense constraint. The range of MPC score is 0 to 5. The larger the score, the more likely the variant is pathogenic. Details see doi: http://dx.doi.org/10.1101/148353. Multiple entries are separated by "";"", corresponding to Ensembl_transcriptid.""",,,,,,text,True,,
550,495,True,MVP_rankscore,,"""MVP scores were ranked among all MVP scores in dbNSFP. The rankscore is the ratio of the rank of the score over the total number of MVP scores in dbNSFP.""",,,,,,text,True,,
551,495,True,MVP_score,,"""A pathogenicity prediction score for missense variants using deep learning approach. The range of MVP score is from 0 to 1. The larger the score, the more likely the variant is pathogenic. The authors suggest thresholds of 0.7 and 0.75 for separating damaging vs tolerant variants in constrained genes (ExAC pLI >=0.5) and non-constrained genes (ExAC pLI<0.5), respectively. Details see doi: http://dx.doi.org/10.1101/259390 Multiple entries are separated by "";"", corresponding to Ensembl_transcriptid.""",,,,,,text,True,,
552,495,True,MetaLR_pred,,"""Prediction of our MetaLR based ensemble prediction score,""T(olerated)"" or ""D(amaging)"". The score cutoff between ""D"" and ""T"" is 0.5. The rankscore cutoff between ""D"" and ""T"" is 0.81101.""",,,,,,text,True,,
553,495,True,MetaLR_rankscore,,"""MetaLR scores were ranked among all MetaLR scores in dbNSFP. The rankscore is the ratio of the rank of the score over the total number of MetaLR scores in dbNSFP. The scores range from 0 to 1.""",,,,,,text,True,,
554,495,True,MetaLR_score,,"""Our logistic regression (LR) based ensemble prediction score, which incorporated 10 scores (SIFT, PolyPhen-2 HDIV, PolyPhen-2 HVAR, GERP++, MutationTaster, Mutation Assessor, FATHMM, LRT, SiPhy, PhyloP) and the maximum frequency observed in the 1000 genomes populations. Larger value means the SNV is more likely to be damaging. Scores range from 0 to 1.""",,,,,,text,True,,
555,495,True,MetaSVM_pred,,"""Prediction of our SVM based ensemble prediction score,""T(olerated)"" or ""D(amaging)"". The score cutoff between ""D"" and ""T"" is 0. The rankscore cutoff between ""D"" and ""T"" is 0.82257.""",,,,,,text,True,,
556,495,True,MetaSVM_rankscore,,"""MetaSVM scores were ranked among all MetaSVM scores in dbNSFP. The rankscore is the ratio of the rank of the score over the total number of MetaSVM scores in dbNSFP. The scores range from 0 to 1.""",,,,,,text,True,,
557,495,True,MetaSVM_score,,"""Our support vector machine (SVM) based ensemble prediction score, which incorporated 10 scores (SIFT, PolyPhen-2 HDIV, PolyPhen-2 HVAR, GERP++, MutationTaster, Mutation Assessor, FATHMM, LRT, SiPhy, PhyloP) and the maximum frequency observed in the 1000 genomes populations. Larger value means the SNV is more likely to be damaging. Scores range from -2 to 3 in dbNSFP.""",,,,,,text,True,,
558,495,True,Motif_breaking,,"""whether break a known motif (in-house script)""",,,,,,text,True,,
559,495,True,MutPred_AAchange,,"""Amino acid change used for MutPred_score calculation.""",,,,,,text,True,,
560,495,True,MutPred_Top5features,,"""Top 5 features (molecular mechanisms of disease) as predicted by MutPred with p values. MutPred_score > 0.5 and p < 0.05 are referred to as actionable hypotheses. MutPred_score > 0.75 and p < 0.05 are referred to as confident hypotheses. MutPred_score > 0.75 and p < 0.01 are referred to as very confident hypotheses.""",,,,,,text,True,,
561,495,True,MutPred_protID,,"""UniProt accession or Ensembl transcript ID used for MutPred_score calculation.""",,,,,,text,True,,
562,495,True,MutPred_rankscore,,"""MutPred scores were ranked among all MutPred scores in dbNSFP. The rankscore is the ratio of the rank of the score over the total number of MutPred scores in dbNSFP.""",,,,,,text,True,,
563,495,True,MutPred_score,,"""General MutPred score. Scores range from 0 to 1. The larger the score the more likely the SNP has damaging effect.""",,,,,,text,True,,
564,495,True,MutationAssessor_pred,,"""MutationAssessor's functional impact of a variant - predicted functional, i.e. high (""H"") or medium (""M""), or predicted non-functional, i.e. low (""L"") or neutral (""N""). The MAori score cutoffs between ""H"" and ""M"", ""M"" and ""L"", and ""L"" and ""N"", are 3.5, 1.935 and 0.8, respectively. The rankscore cutoffs between ""H"" and ""M"", ""M"" and ""L"", and ""L"" and ""N"", are 0.9307, 0.52043 and 0.19675, respectively.""",,,,,,text,True,,
565,495,True,MutationAssessor_rankscore,,,,,,,,text,True,,
566,495,True,MutationAssessor_score,,"""MutationAssessor functional impact combined score (MAori). The score ranges from -5.17 to 6.49 in dbNSFP. Multiple entries are separated by "";"", corresponding to Uniprot_entry.""",,,,,,text,True,,
567,495,True,MutationTaster_AAE,,"""MutationTaster predicted amino acid change.""",,,,,,text,True,,
568,495,True,MutationTaster_converted_rankscore,,"""The MTori scores were first converted. If the prediction is ""A"" or ""D"" MTnew=MTori; if the prediction is ""N"" or ""P"", MTnew=1-MTori. Then MTnew scores were ranked among all MTnew scores in dbNSFP. If there are multiple scores of a SNV, only the largest MTnew was used in ranking. The rankscore is the ratio of the rank of the score over the total number of MTnew scores in dbNSFP. The scores range from 0.08979 to 0.81001.""",,,,,,text,True,,
569,495,True,MutationTaster_model,,"""MutationTaster prediction models.""",,,,,,text,True,,
570,495,True,MutationTaster_pred,,"""MutationTaster prediction, ""A"" (""disease_causing_automatic""), ""D"" (""disease_causing""), ""N"" (""polymorphism"") or ""P"" (""polymorphism_automatic""). The score cutoff between ""D"" and ""N"" is 0.5 for MTnew and 0.31733 for the rankscore.""",,,,,,text,True,,
571,495,True,MutationTaster_score,,"""MutationTaster p-value (MTori), ranges from 0 to 1. Multiple scores are separated by "";"". Information on corresponding transcript(s) can be found by querying http://www.mutationtaster.org/ChrPos.html""",,,,,,text,True,,
572,495,True,ORegAnno_PMID,,"""the PMID of the paper describing the regulation""",,,,,,text,True,,
573,495,True,ORegAnno_type,,"""the type of regulatory region by ORegAnno""",,,,,,text,True,,
574,495,True,PROVEAN_converted_rankscore,,"""PROVEANori were first converted to PROVEANnew=1-(PROVEANori+14)/28, then ranked among all PROVEANnew scores in dbNSFP. The rankscore is the ratio of the rank the PROVEANnew score over the total number of PROVEANnew scores in dbNSFP. If there are multiple scores, only the most damaging (largest) rankscore is presented. The scores range from 0 to 1.""",,,,,,text,True,,
575,495,True,PROVEAN_pred,,"""If PROVEANori <= -2.5 (rankscore>=0.54382) the corresponding nsSNV is predicted as ""D(amaging)""; otherwise it is predicted as ""N(eutral)"". Multiple predictions separated by "";"", corresponding to Ensembl_proteinid.""",,,,,,text,True,,
576,495,True,PROVEAN_score,,"""PROVEAN score (PROVEANori). Scores range from -14 to 14. The smaller the score the more likely the SNP has damaging effect. Multiple scores separated by "";"", corresponding to Ensembl_proteinid.""",,,,,,text,True,,
577,495,True,PrimateAI_pred,,"""Prediction of PrimateAI score based on the authors' recommendation, ""T(olerated)"" or ""D(amaging)"". The score cutoff between ""D"" and ""T"" is 0.803.""",,,,,,text,True,,
578,495,True,PrimateAI_rankscore,,"""PrimateAI scores were ranked among all PrimateAI scores in dbNSFP. The rankscore is the ratio of the rank of the score over the total number of PrimateAI scores in dbNSFP.""",,,,,,text,True,,
579,495,True,PrimateAI_score,,"""A pathogenicity prediction score for missense variants based on common variants of non-human primate species using a deep neural network. The range of PrimateAI score is 0 to 1. The larger the score, the more likely the variant is pathogenic. The authors suggest a threshold of 0.803 for separating damaging vs tolerant variants. Details see https://doi.org/10.1038/s41588-018-0167-z""",,,,,,text,True,,
580,495,True,RegulomeDB_motif,,"""motif the SNP resides (from RegulomeDB) multiple values separated by "";""""",,,,,,text,True,,
581,495,True,RegulomeDB_score,,"""categorical score from RegulomeDB. The smaller, the more likely the SNP affects binding""",,,,,,text,True,,
582,495,True,Reliability_index,,"""Number of observed component scores (except the maximum frequency in the 1000 genomes populations) for MetaSVM and MetaLR. Ranges from 1 to 10. As MetaSVM and MetaLR scores are calculated based on imputed data, the less missing component scores, the higher the reliability of the scores and predictions.""",,,,,,text,True,,
583,495,True,SIFT4G_converted_rankscore,,"""SIFT4G scores were first converted to SIFT4Gnew=1-SIFT4G, then ranked among all SIFT4Gnew scores in dbNSFP. The rankscore is the ratio of the rank the SIFT4Gnew score over the total number of SIFT4Gnew scores in dbNSFP. If there are multiple scores, only the most damaging (largest) rankscore is presented.""",,,,,,text,True,,
584,495,True,SIFT4G_pred,,"""If SIFT4G is < 0.05 the corresponding nsSNV is predicted as ""D(amaging)""; otherwise it is predicted as ""T(olerated)"". Multiple scores separated by "","", corresponding to Ensembl_transcriptid""",,,,,,text,True,,
585,495,True,SIFT4G_score,,"""SIFT 4G score (SIFT4G). Scores range from 0 to 1. The smaller the score the more likely the SNP has damaging effect. Multiple scores separated by "","", corresponding to Ensembl_transcriptid""",,,,,,text,True,,
586,495,True,SIFT_converted_rankscore,,"""SIFTori scores were first converted to SIFTnew=1-SIFTori, then ranked among all SIFTnew scores in dbNSFP. The rankscore is the ratio of the rank the SIFTnew score over the total number of SIFTnew scores in dbNSFP. If there are multiple scores, only the most damaging (largest) rankscore is presented. The rankscores range from 0.00964 to 0.91255.""",,,,,,text,True,,
587,495,True,SIFT_pred,,"""If SIFTori is smaller than 0.05 (rankscore>0.39575) the corresponding nsSNV is predicted as ""D(amaging)""; otherwise it is predicted as ""T(olerated)"". Multiple predictions separated by "";""""",,,,,,text,True,,
588,495,True,SIFT_score,,"""SIFT score (SIFTori). Scores range from 0 to 1. The smaller the score the more likely the SNP has damaging effect. Multiple scores separated by "";"", corresponding to Ensembl_proteinid.""",,,,,,text,True,,
589,495,True,TSL,,"""Transcript Support Level. Multiple entries separated by "";"", matching Ensembl_transcriptid. Potential values: 1 to 5, NA. See https://useast.ensembl.org/info/genome/genebuild/transcript_quality_tags.html""",,,,,,text,True,,
590,495,True,TWINSUK_AC,,"""Alternative allele count in called genotypes in UK10K TWINSUK cohort.""",,,,,,long,,,
591,495,True,TWINSUK_AF,,"""Alternative allele frequency in called genotypes in UK10K TWINSUK cohort.""",,,,,,float,,,
592,495,True,TWINSUK_AN,,"""Total allele count in called genotypes in UK10K TWINSUK cohort.""",,,,,,long,,,
593,495,True,TargetScan_context++_score_percentile,,"""context++ score is a measure of favorableness of the site for the miRNA family. The higer the percentile, the more favorable (from TargetScan)""",,,,,,text,True,,
594,495,True,UTR3_miRNA_target,,"""the gene-miRNA pair, if the site is located within a predicted (conserved) target of conserved miRNA families(from TargetScan)""",,,,,,text,True,,
595,495,True,Uniprot_acc,,"""Uniprot accession number matching the Ensembl_proteinid Multiple entries separated by "";"".""",,,,,,text,True,,
596,495,True,Uniprot_entry,,"""Uniprot entry ID matching the Ensembl_proteinid Multiple entries separated by "";"".""",,,,,,text,True,,
597,495,True,aaalt,,"""alternative amino acid ""."" if the variant is a splicing site SNP (2bp on each end of an intron)""",,,,,,text,True,,
598,495,True,aapos,,"""amino acid position as to the protein. ""-1"" if the variant is a splicing site SNP (2bp on each end of an intron). Multiple entries separated by "";"", corresponding to Ensembl_proteinid""",,,,,,text,True,,
599,495,True,aaref,,"""reference amino acid ""."" if the variant is a splicing site SNP (2bp on each end of an intron)""",,,,,,text,True,,
600,495,True,cds_strand,,"""coding sequence (CDS) strand (+ or -)""",,,,,,text,True,,
601,495,True,codon_degeneracy,,"""degenerate type (0, 2 or 3)""",,,,,,text,True,,
602,495,True,codonpos,,"""position on the codon (1, 2 or 3)""",,,,,,text,True,,
603,495,True,fathmm-MKL_coding_group,,"""fathmm-MKL coding group, the feature group used for the coding prediction.""",,,,,,text,True,,
604,495,True,fathmm-MKL_coding_pred,,"""If a fathmm-MKL_coding_score is >0.5 the corresponding nsSNV is predicted as ""D(AMAGING)""; otherwise it is predicted as ""N(EUTRAL)"".""",,,,,,text,True,,
605,495,True,fathmm-MKL_coding_rankscore,,"""the rank of the fathmm-MKL_coding_score among all fathmm-MKL_coding_scores in genome""",,,,,,float,,,
606,495,True,fathmm-MKL_coding_score,,"""fathmm-MKL coding prediction probability, the larger the number the more likely damaging the threshold separating deleterious prediction and neutral prediction is 0.5.""",,,,,,float,,,
607,495,True,fathmm-MKL_non-coding_group,,"""fathmm-MKL non-coding group, the feature group used for the non-coding prediction""",,,,,,text,True,,
608,495,True,fathmm-MKL_non-coding_pred,,"""If a fathmm-MKL_non-coding_score is >0.5 the corresponding nsSNV is predicted as ""D(AMAGING)""; otherwise it is predicted as ""N(EUTRAL)"".""",,,,,,text,True,,
609,495,True,fathmm-MKL_non-coding_rankscore,,"""the rank of the fathmm-MKL_non-coding_score among all fathmm-MKL_non-coding_scores in genome""",,,,,,float,,,
610,495,True,fathmm-MKL_non-coding_score,,"""fathmm-MKL non-coding prediction probability, the larger the number the more likely damaging; the threshold separating deleterious prediction and neutral prediction is 0.5.""",,,,,,float,,,
611,495,True,fathmm-XF_coding_or_noncoding,,"""whether the prediction is based on the model for coding region or noncoding region""",,,,,,text,True,,
612,495,True,fathmm-XF_pred,,"""If a fathmm-XF_score is >0.5 the corresponding nsSNV is predicted as ""D(AMAGING)""; otherwise it is predicted as ""N(EUTRAL)"".""",,,,,,text,True,,
613,495,True,fathmm-XF_rankscore,,"""the rank of the fathmm-XF_score among all fathmm-XF_scores in genome""",,,,,,float,,,
614,495,True,fathmm-XF_score,,"""fathmm-XF prediction probability, the larger the number the more likely damaging; the threshold separating deleterious prediction and neutral prediction is 0.5.""",,,,,,float,,,
615,495,True,funseq_noncoding_score,,"""funseq-like noncoding score range 0-6, each of the previous 5 columns contribute 1 if ""YES"", or 0 if ""NO""; the column Motif_breaking contribute 1 if it is not a "".""""",,,,,,long,,,
616,495,True,genename,,"""gene name; if the nsSNV can be assigned to multiple genes, gene names are separated by "";""""",,,,,,text,True,,
617,495,True,network_hub,,"""whether the target gene is a network hub based on funseq-0.1""",,,,,,text,True,,
618,495,True,refcodon,,"""reference codon""",,,,,,text,True,,
619,495,True,sensitive,,"""whether defined as sensitive region based on funseq-0.1""",,,,,,text,True,,
620,495,True,sno_miRNA_name,,"""the name of snoRNA or miRNA if the site is located within (from miRBase/snoRNABase)""",,,,,,text,True,,
621,495,True,sno_miRNA_type,,"""the type of snoRNA or miRNA (from miRBase/snoRNABase)""",,,,,,text,True,,
622,495,True,splicing_consensus_ada_score,,"""splicing-change prediction for splicing consensus SNPs based on adaboost. If the score >0.6, it predicts that the splicing will be changed, otherwise it predicts the splicing will not be changed.""",,,,,,float,,,
623,495,True,splicing_consensus_rf_score,,"""splicing-change prediction for splicing consensus SNPs based on random forest. If the score >0.6, it predicts that the splicing will be changed, otherwise it predicts the splicing will not be changed""",,,,,,float,,,
624,495,True,target_gene,,"""target gene (for promoter, enhancer, etc.) based on funseq-0.1""",,,,,,text,True,,
625,495,True,ultra_sensitive,,"""whether defined as ultra-sensitive region based funseq-0.1""",,,,,,text,True,,
747,700,True,chr_hg19,,"""chromosome number based on human reference sequence version hg19 (GRCh19)""",,,,,,text,True,,
748,700,True,pos_hg19,,"""position based on human reference sequence version hg19 (GRCh19)""",,,,,,long,,,
749,700,True,ref_hg19,,"""reference allele based on human reference sequence version hg19 (GRCh19)""",,,,,,text,True,,
750,700,True,alt_hg19,,"""alternative allele based on human reference sequence version hg19 (GRCh19) this column shall be identical to column ""alt"" if ref_hg19=ref_hg38 is Y(es) or be ""."" if ref_hg19=ref_hg38 is N(o)""",,,,,,text,True,,
751,700,True,ref_hg19=ref_hg38,,"""whether the reference allele based on hg19 identical to that based on hg38""",,,,,,text,True,,
752,208,True,SnpEff_refseq_TF_binding_effect,,"""effect of TF binding by SnpEff""",,,,,,text,True,,
753,208,True,SnpEff_refseq_TF_name,,"""name of the TF""",,,,,,text,True,,
754,208,True,SnpEff_refseq_TF_ID,,"""ID of the TF""",,,,,,text,True,,
755,132,True,VEP_refseq_Protein_ID,,"""RefSeq protein IDs corresponding to transcripts. Multiple IDs are separated by ""|"" The order corresponds to VEP_refseq_Transcript_ID""",,,,,,text,True,,
756,1,True,rs_dbSNP,rs ID,"""rs number from dbSNP""",,,,,,text,True,,
757,26,True,SPIDEX_dpsi_max_tissue,,"""""This is the predicted change in percent-inclusion due to the variant, reported as the maximum across tissues (in percent)""""",,,,,,text,True,,
758,26,True,SPIDEX_dpsi_zscore,,"""""This is the z-score of dpsi_max_tissue relative to the distribution of dPSI that are due to common SNP.""""",,,,,,float,,,
759,495,True,GTEx_V8_gene,,"""gene name of the eQTL associated with""",,,,,,text,True,,
760,495,True,GTEx_V8_tissue,,"""the tissue expression data in which the eQTL was detected""",,,,,,text,True,,
761,330,True,gnomAD_exomes_non_neuro_AC,,"""Alternative allele count in the non-neuro subset of whole gnomAD exome samples (104,068 samples)""",,,,,,long,,,
762,330,True,gnomAD_exomes_non_neuro_AN,,"""Total allele count in the non-neuro subset of whole gnomAD exome samples (104,068 samples)""",,,,,,long,,,
763,330,True,gnomAD_exomes_non_neuro_AF,,"""Alternative allele frequency in the non-neuro subset of whole gnomAD exome samples (104,068 samples)""",,,,,,float,True,,
764,330,True,gnomAD_exomes_non_neuro_nhomalt,,"""Count of individuals with homozygous alternative allele in the non-neuro subset of whole gnomAD exome samples (104,068 samples)""",,,,,,long,,,
765,330,True,gnomAD_exomes_non_cancer_AC,,"""Alternative allele count in the non-cancer subset of whole gnomAD exome samples (118,479 samples)""",,,,,,long,,,
766,330,True,gnomAD_exomes_non_cancer_AN,,"""Total allele count in the non-cancer subset of whole gnomAD exome samples (118,479 samples)""",,,,,,long,,,
767,330,True,gnomAD_exomes_non_cancer_AF,,"""Alternative allele frequency in the non-cancer subset of whole gnomAD exome samples (118,479 samples)""",,,,,,float,True,,
768,330,True,gnomAD_exomes_non_cancer_nhomalt,,"""Count of individuals with homozygous alternative allele in the non-cancer subset of whole gnomAD exome samples (118,479 samples)""",,,,,,long,,,
769,330,True,gnomAD_exomes_non_topmed_AC,,"""Alternative allele count in the non-topmed subset of whole gnomAD exome samples (122,439 samples)""",,,,,,long,,,
770,330,True,gnomAD_exomes_non_topmed_AN,,"""Total allele count in the non-topmed subset of whole gnomAD exome samples (122,439 samples)""",,,,,,long,,,
771,330,True,gnomAD_exomes_non_topmed_AF,,"""Alternative allele frequency in the non-topmed subset of whole gnomAD exome samples (122,439 samples)""",,,,,,float,True,,
772,330,True,gnomAD_exomes_non_topmed_nhomalt,,"""Count of individuals with homozygous alternative allele in the non-topmed subset of whole gnomAD exome samples (122,439 samples)""",,,,,,long,,,
773,330,True,gnomAD_exomes_non_neuro_AFR_AC,,"""Alternative allele count in the non-neuro subset of African/African American gnomAD exome samples (8,109 samples)""",,,,,,long,,,
774,330,True,gnomAD_exomes_non_neuro_AFR_AN,,"""Total allele count in the non-neuro subset of African/African American gnomAD exome samples (8,109 samples)""",,,,,,long,,,
775,330,True,gnomAD_exomes_non_neuro_AFR_AF,,"""Alternative allele frequency in the non-neuro subset of African/African American gnomAD exome samples (8,109 samples)""",,,,,,float,True,,
776,330,True,gnomAD_exomes_non_neuro_AFR_nhomalt,,"""Count of individuals with homozygous alternative allele in the non-neuro subset of African/African American gnomAD exome samples (8,109 samples)""",,,,,,long,,,
777,330,True,gnomAD_exomes_non_neuro_AMR_AC,,"""Alternative allele count in the non-neuro subset of Latino gnomAD exome samples (15,262 samples)""",,,,,,long,,,
778,330,True,gnomAD_exomes_non_neuro_AMR_AN,,"""Total allele count in the non-neuro subset of Latino gnomAD exome samples (15,262 samples)""",,,,,,long,,,
779,330,True,gnomAD_exomes_non_neuro_AMR_AF,,"""Alternative allele frequency in the non-neuro subset of Latino gnomAD exome samples (15,262 samples)""",,,,,,float,True,,
780,330,True,gnomAD_exomes_non_neuro_AMR_nhomalt,,"""Count of individuals with homozygous alternative allele in the non-neuro subset of Latino gnomAD exome samples (15,262 samples)""",,,,,,long,,,
781,330,True,gnomAD_exomes_non_neuro_ASJ_AC,,"""Alternative allele count in the non-neuro subset of Ashkenazi Jewish gnomAD exome samples (3,106 samples)""",,,,,,long,,,
782,330,True,gnomAD_exomes_non_neuro_ASJ_AN,,"""Total allele count in the non-neuro subset of Ashkenazi Jewish gnomAD exome samples (3,106 samples)""",,,,,,long,,,
783,330,True,gnomAD_exomes_non_neuro_ASJ_AF,,"""Alternative allele frequency in the non-neuro subset of Ashkenazi Jewish gnomAD exome samples (3,106 samples)""",,,,,,float,True,,
784,330,True,gnomAD_exomes_non_neuro_ASJ_nhomalt,,"""Count of individuals with homozygous alternative allele in the non-neuro subset of Ashkenazi Jewish gnomAD exome samples (3,106 samples)""",,,,,,long,,,
785,330,True,gnomAD_exomes_non_neuro_EAS_AC,,"""Alternative allele count in the non-neuro subset of East Asian gnomAD exome samples (6,708 samples)""",,,,,,long,,,
786,330,True,gnomAD_exomes_non_neuro_EAS_AN,,"""Total allele count in the non-neuro subset of East Asian gnomAD exome samples (6,708 samples)""",,,,,,long,,,
787,330,True,gnomAD_exomes_non_neuro_EAS_AF,,"""Alternative allele frequency in the non-neuro subset of East Asian gnomAD exome samples (6,708 samples)""",,,,,,float,True,,
788,330,True,gnomAD_exomes_non_neuro_EAS_nhomalt,,"""Count of individuals with homozygous alternative allele in the non-neuro subset of East Asian gnomAD exome samples (6,708 samples)""",,,,,,long,,,
789,330,True,gnomAD_exomes_non_neuro_FIN_AC,,"""Alternative allele count in the non-neuro subset of Finnish gnomAD exome samples (8,367 samples)""",,,,,,long,,,
790,330,True,gnomAD_exomes_non_neuro_FIN_AN,,"""Total allele count in the non-neuro subset of Finnish gnomAD exome samples (8,367 samples)""",,,,,,long,,,
791,330,True,gnomAD_exomes_non_neuro_FIN_AF,,"""Alternative allele frequency in the non-neuro subset of Finnish gnomAD exome samples (8,367 samples)""",,,,,,float,True,,
792,330,True,gnomAD_exomes_non_neuro_FIN_nhomalt,,"""Count of individuals with homozygous alternative allele in the non-neuro subset of Finnish gnomAD exome samples (8,367 samples)""",,,,,,long,,,
793,330,True,gnomAD_exomes_non_neuro_NFE_AC,,"""Alternative allele count in the non-neuro subset of Non-Finnish European gnomAD exome samples (44,779 samples)""",,,,,,long,,,
794,330,True,gnomAD_exomes_non_neuro_NFE_AN,,"""Total allele count in the non-neuro subset of Non-Finnish European gnomAD exome samples (44,779 samples)""",,,,,,long,,,
795,330,True,gnomAD_exomes_non_neuro_NFE_AF,,"""Alternative allele frequency in the non-neuro subset of Non-Finnish European gnomAD exome samples (44,779 samples)""",,,,,,float,True,,
796,330,True,gnomAD_exomes_non_neuro_NFE_nhomalt,,"""Count of individuals with homozygous alternative allele in the non-neuro subset of Non-Finnish European gnomAD exome samples (44,779 samples)""",,,,,,long,,,
797,330,True,gnomAD_exomes_non_neuro_SAS_AC,,"""Alternative allele count in the non-neuro subset of South Asian gnomAD exome samples (15,304 samples)""",,,,,,long,,,
798,330,True,gnomAD_exomes_non_neuro_SAS_AN,,"""Total allele count in the non-neuro subset of South Asian gnomAD exome samples (15,304 samples)""",,,,,,long,,,
799,330,True,gnomAD_exomes_non_neuro_SAS_AF,,"""Alternative allele frequency in the non-neuro subset of South Asian gnomAD exome samples (15,304 samples)""",,,,,,float,True,,
800,330,True,gnomAD_exomes_non_neuro_SAS_nhomalt,,"""Count of individuals with homozygous alternative allele in the non-neuro subset of South Asian gnomAD exome samples (15,304 samples)""",,,,,,long,,,
801,330,True,gnomAD_exomes_non_neuro_POPMAX_AC,,"""Allele count in the non-neuro subset of population with the maximum AF""",,,,,,long,,,
802,330,True,gnomAD_exomes_non_neuro_POPMAX_AN,,"""Total number of alleles in the non-neuro subset of population with the maximum AF""",,,,,,long,,,
803,330,True,gnomAD_exomes_non_neuro_POPMAX_AF,,"""Maximum allele frequency across populations (excluding samples of Ashkenazi, Finnish, and indeterminate ancestry) in the non-neuro subset""",,,,,,float,True,,
804,330,True,gnomAD_exomes_non_neuro_POPMAX_nhomalt,,"""Count of homozygous individuals in the non-neuro subset of population with the maximum allele frequency""",,,,,,long,True,,
805,330,True,gnomAD_exomes_non_cancer_AFR_AC,,"""Alternative allele count in the non-cancer subset of African/African American gnomAD exome samples (7,451 samples)""",,,,,,long,,,
806,330,True,gnomAD_exomes_non_cancer_AFR_AN,,"""Total allele count in the non-cancer subset of African/African American gnomAD exome samples (7,451 samples)""",,,,,,long,,,
807,330,True,gnomAD_exomes_non_cancer_AFR_AF,,"""Alternative allele frequency in the non-cancer subset of African/African American gnomAD exome samples (7,451 samples)""",,,,,,float,True,,
808,330,True,gnomAD_exomes_non_cancer_AFR_nhomalt,,"""Count of individuals with homozygous alternative allele in the non-cancer subset of African/African American gnomAD exome samples (7,451 samples)""",,,,,,long,,,
809,330,True,gnomAD_exomes_non_cancer_AMR_AC,,"""Alternative allele count in the non-cancer subset of Latino gnomAD exome samples (17,130 samples)""",,,,,,long,,,
810,330,True,gnomAD_exomes_non_cancer_AMR_AN,,"""Total allele count in the non-cancer subset of Latino gnomAD exome samples (17,130 samples)""",,,,,,long,,,
811,330,True,gnomAD_exomes_non_cancer_AMR_AF,,"""Alternative allele frequency in the non-cancer subset of Latino gnomAD exome samples (17,130 samples)""",,,,,,float,True,,
812,330,True,gnomAD_exomes_non_cancer_AMR_nhomalt,,"""Count of individuals with homozygous alternative allele in the non-cancer subset of Latino gnomAD exome samples (17,130 samples)""",,,,,,long,,,
813,330,True,gnomAD_exomes_non_cancer_ASJ_AC,,"""Alternative allele count in the non-cancer subset of Ashkenazi Jewish gnomAD exome samples (4,786 samples)""",,,,,,long,,,
814,330,True,gnomAD_exomes_non_cancer_ASJ_AN,,"""Total allele count in the non-cancer subset of Ashkenazi Jewish gnomAD exome samples (4,786 samples)""",,,,,,long,,,
815,330,True,gnomAD_exomes_non_cancer_ASJ_AF,,"""Alternative allele frequency in the non-cancer subset of Ashkenazi Jewish gnomAD exome samples (4,786 samples)""",,,,,,float,True,,
816,330,True,gnomAD_exomes_non_cancer_ASJ_nhomalt,,"""Count of individuals with homozygous alternative allele in the non-cancer subset of Ashkenazi Jewish gnomAD exome samples (4,786 samples)""",,,,,,long,,,
817,330,True,gnomAD_exomes_non_cancer_EAS_AC,,"""Alternative allele count in the non-cancer subset of East Asian gnomAD exome samples (8,846 samples)""",,,,,,long,,,
818,330,True,gnomAD_exomes_non_cancer_EAS_AN,,"""Total allele count in the non-cancer subset of East Asian gnomAD exome samples (8,846 samples)""",,,,,,long,,,
819,330,True,gnomAD_exomes_non_cancer_EAS_AF,,"""Alternative allele frequency in the non-cancer subset of East Asian gnomAD exome samples (8,846 samples)""",,,,,,float,True,,
820,330,True,gnomAD_exomes_non_cancer_EAS_nhomalt,,"""Count of individuals with homozygous alternative allele in the non-cancer subset of East Asian gnomAD exome samples (8,846 samples)""",,,,,,long,,,
821,330,True,gnomAD_exomes_non_cancer_FIN_AC,,"""Alternative allele count in the non-cancer subset of Finnish gnomAD exome samples (10,816 samples)""",,,,,,long,,,
822,330,True,gnomAD_exomes_non_cancer_FIN_AN,,"""Total allele count in the non-cancer subset of Finnish gnomAD exome samples (10,816 samples)""",,,,,,long,,,
823,330,True,gnomAD_exomes_non_cancer_FIN_AF,,"""Alternative allele frequency in the non-cancer subset of Finnish gnomAD exome samples (10,816 samples)""",,,,,,float,True,,
824,330,True,gnomAD_exomes_non_cancer_FIN_nhomalt,,"""Count of individuals with homozygous alternative allele in the non-cancer subset of Finnish gnomAD exome samples (10,816 samples)""",,,,,,long,,,
825,330,True,gnomAD_exomes_non_cancer_NFE_AC,,"""Alternative allele count in the non-cancer subset of Non-Finnish European gnomAD exome samples (51,377 samples)""",,,,,,long,,,
826,330,True,gnomAD_exomes_non_cancer_NFE_AN,,"""Total allele count in the non-cancer subset of Non-Finnish European gnomAD exome samples (51,377 samples)""",,,,,,long,,,
827,330,True,gnomAD_exomes_non_cancer_NFE_AF,,"""Alternative allele frequency in the non-cancer subset of Non-Finnish European gnomAD exome samples (51,377 samples)""",,,,,,float,True,,
828,330,True,gnomAD_exomes_non_cancer_NFE_nhomalt,,"""Count of individuals with homozygous alternative allele in the non-cancer subset of Non-Finnish European gnomAD exome samples (51,377 samples)""",,,,,,long,,,
829,330,True,gnomAD_exomes_non_cancer_SAS_AC,,"""Alternative allele count in the non-cancer subset of South Asian gnomAD exome samples (15,263 samples)""",,,,,,long,,,
830,330,True,gnomAD_exomes_non_cancer_SAS_AN,,"""Total allele count in the non-cancer subset of South Asian gnomAD exome samples (15,263 samples)""",,,,,,long,,,
831,330,True,gnomAD_exomes_non_cancer_SAS_AF,,"""Alternative allele frequency in the non-cancer subset of South Asian gnomAD exome samples (15,263 samples)""",,,,,,float,True,,
832,330,True,gnomAD_exomes_non_cancer_SAS_nhomalt,,"""Count of individuals with homozygous alternative allele in the non-cancer subset of South Asian gnomAD exome samples (15,263 samples)""",,,,,,long,,,
833,330,True,gnomAD_exomes_non_cancer_POPMAX_AC,,"""Allele count in the non-cancer subset of population with the maximum AF""",,,,,,long,,,
834,330,True,gnomAD_exomes_non_cancer_POPMAX_AN,,"""Total number of alleles in the non-cancer subset of population with the maximum AF""",,,,,,long,,,
835,330,True,gnomAD_exomes_non_cancer_POPMAX_AF,,"""Maximum allele frequency across populations (excluding samples of Ashkenazi, Finnish, and indeterminate ancestry) in the non-cancer subset""",,,,,,float,True,,
836,330,True,gnomAD_exomes_non_cancer_POPMAX_nhomalt,,"""Count of homozygous individuals in the non-cancer subset of population with the maximum allele frequency""",,,,,,long,True,,
837,330,True,gnomAD_exomes_non_topmed_AFR_AC,,"""Alternative allele count in the non-topmed subset of African/African American gnomAD exome samples (6,013 samples)""",,,,,,long,,,
838,330,True,gnomAD_exomes_non_topmed_AFR_AN,,"""Total allele count in the non-topmed subset of African/African American gnomAD exome samples (6,013 samples)""",,,,,,long,,,
839,330,True,gnomAD_exomes_non_topmed_AFR_AF,,"""Alternative allele frequency in the non-topmed subset of African/African American gnomAD exome samples (6,013 samples)""",,,,,,float,True,,
840,330,True,gnomAD_exomes_non_topmed_AFR_nhomalt,,"""Count of individuals with homozygous alternative allele in the non-topmed subset of African/African American gnomAD exome samples (6,013 samples)""",,,,,,long,,,
841,330,True,gnomAD_exomes_non_topmed_AMR_AC,,"""Alternative allele count in the non-topmed subset of Latino gnomAD exome samples (17,229 samples)""",,,,,,long,,,
842,330,True,gnomAD_exomes_non_topmed_AMR_AN,,"""Total allele count in the non-topmed subset of Latino gnomAD exome samples (17,229 samples)""",,,,,,long,,,
843,330,True,gnomAD_exomes_non_topmed_AMR_AF,,"""Alternative allele frequency in the non-topmed subset of Latino gnomAD exome samples (17,229 samples)""",,,,,,float,True,,
844,330,True,gnomAD_exomes_non_topmed_AMR_nhomalt,,"""Count of individuals with homozygous alternative allele in the non-topmed subset of Latino gnomAD exome samples (17,229 samples)""",,,,,,long,,,
845,330,True,gnomAD_exomes_non_topmed_ASJ_AC,,"""Alternative allele count in the non-topmed subset of Ashkenazi Jewish gnomAD exome samples (4,999 samples)""",,,,,,long,,,
846,330,True,gnomAD_exomes_non_topmed_ASJ_AN,,"""Total allele count in the non-topmed subset of Ashkenazi Jewish gnomAD exome samples (4,999 samples)""",,,,,,long,,,
847,330,True,gnomAD_exomes_non_topmed_ASJ_AF,,"""Alternative allele frequency in the non-topmed subset of Ashkenazi Jewish gnomAD exome samples (4,999 samples)""",,,,,,float,True,,
848,330,True,gnomAD_exomes_non_topmed_ASJ_nhomalt,,"""Count of individuals with homozygous alternative allele in the non-topmed subset of Ashkenazi Jewish gnomAD exome samples (4,999 samples)""",,,,,,long,,,
849,330,True,gnomAD_exomes_non_topmed_EAS_AC,,"""Alternative allele count in the non-topmed subset of East Asian gnomAD exome samples (9,195 samples)""",,,,,,long,,,
850,330,True,gnomAD_exomes_non_topmed_EAS_AN,,"""Total allele count in the non-topmed subset of East Asian gnomAD exome samples (9,195 samples)""",,,,,,long,,,
851,330,True,gnomAD_exomes_non_topmed_EAS_AF,,"""Alternative allele frequency in the non-topmed subset of East Asian gnomAD exome samples (9,195 samples)""",,,,,,float,True,,
852,330,True,gnomAD_exomes_non_topmed_EAS_nhomalt,,"""Count of individuals with homozygous alternative allele in the non-topmed subset of East Asian gnomAD exome samples (9,195 samples)""",,,,,,long,,,
853,330,True,gnomAD_exomes_non_topmed_FIN_AC,,"""Alternative allele count in the non-topmed subset of Finnish gnomAD exome samples (10,823 samples)""",,,,,,long,,,
854,330,True,gnomAD_exomes_non_topmed_FIN_AN,,"""Total allele count in the non-topmed subset of Finnish gnomAD exome samples (10,823 samples)""",,,,,,long,,,
855,330,True,gnomAD_exomes_non_topmed_FIN_AF,,"""Alternative allele frequency in the non-topmed subset of Finnish gnomAD exome samples (10,823 samples)""",,,,,,float,True,,
856,330,True,gnomAD_exomes_non_topmed_FIN_nhomalt,,"""Count of individuals with homozygous alternative allele in the non-topmed subset of Finnish gnomAD exome samples (10,823 samples)""",,,,,,long,,,
857,330,True,gnomAD_exomes_non_topmed_NFE_AC,,"""Alternative allele count in the non-topmed subset of Non-Finnish European gnomAD exome samples (55,840 samples)""",,,,,,long,,,
858,330,True,gnomAD_exomes_non_topmed_NFE_AN,,"""Total allele count in the non-topmed subset of Non-Finnish European gnomAD exome samples (55,840 samples)""",,,,,,long,,,
859,330,True,gnomAD_exomes_non_topmed_NFE_AF,,"""Alternative allele frequency in the non-topmed subset of Non-Finnish European gnomAD exome samples (55,840 samples)""",,,,,,float,True,,
860,330,True,gnomAD_exomes_non_topmed_NFE_nhomalt,,"""Count of individuals with homozygous alternative allele in the non-topmed subset of Non-Finnish European gnomAD exome samples (55,840 samples)""",,,,,,long,,,
861,330,True,gnomAD_exomes_non_topmed_SAS_AC,,"""Alternative allele count in the non-topmed subset of South Asian gnomAD exome samples (15,308 samples)""",,,,,,long,,,
862,330,True,gnomAD_exomes_non_topmed_SAS_AN,,"""Total allele count in the non-topmed subset of South Asian gnomAD exome samples (15,308 samples)""",,,,,,long,,,
863,330,True,gnomAD_exomes_non_topmed_SAS_AF,,"""Alternative allele frequency in the non-topmed subset of South Asian gnomAD exome samples (15,308 samples)""",,,,,,float,True,,
864,330,True,gnomAD_exomes_non_topmed_SAS_nhomalt,,"""Count of individuals with homozygous alternative allele in the non-topmed subset of South Asian gnomAD exome samples (15,308 samples)""",,,,,,long,,,
865,330,True,gnomAD_exomes_non_topmed_POPMAX_AC,,"""Allele count in the non-topmed subset of population with the maximum AF""",,,,,,long,,,
866,330,True,gnomAD_exomes_non_topmed_POPMAX_AN,,"""Total number of alleles in the non-topmed subset of population with the maximum AF""",,,,,,long,,,
867,330,True,gnomAD_exomes_non_topmed_POPMAX_AF,,"""Maximum allele frequency across populations (excluding samples of Ashkenazi, Finnish, and indeterminate ancestry) in the non-topmed subset""",,,,,,float,True,,
868,330,True,gnomAD_exomes_non_topmed_POPMAX_nhomalt,,"""Count of homozygous individuals in the non-topmed subset of population with the maximum allele frequency""",,,,,,long,True,,
869,330,True,gnomAD_genomes_AMI_AC,,"""Alternative allele count in the Amish gnomAD genome samples v3.1""",,,,,,long,,,
870,330,True,gnomAD_genomes_AMI_AN,,"""Total allele count in the Amish gnomAD genome samples v3.1""",,,,,,long,,,
871,330,True,gnomAD_genomes_AMI_AF,,"""Alternative allele frequency in the Amish gnomAD genome samples v3.1""",,,,,,float,True,,
872,330,True,gnomAD_genomes_AMI_nhomalt,,"""Count of individuals with homozygous alternative allele in the Amish gnomAD genome samples v3.1""",,,,,,long,,,
873,330,True,gnomAD_genomes_MID_AC,,"""Alternative allele count in the Middle Eastern gnomAD genome samples v3.1""",,,,,,long,,,
874,330,True,gnomAD_genomes_MID_AN,,"""Total allele count in the Middle Eastern gnomAD genome samples v3.1""",,,,,,long,,,
875,330,True,gnomAD_genomes_MID_AF,,"""Alternative allele frequency in the Middle Eastern gnomAD genome samples v3.1""",,,,,,float,True,,
876,330,True,gnomAD_genomes_MID_nhomalt,,"""Count of individuals with homozygous alternative allele in the Middle Eastern gnomAD genome samples v3.1""",,,,,,long,,,
877,330,True,gnomAD_genomes_SAS_AC,,"""Alternative allele count in the South Asian gnomAD genome samples v3.1""",,,,,,long,,,
878,330,True,gnomAD_genomes_SAS_AN,,"""Total allele count in the South Asian gnomAD genome samples v3.1""",,,,,,long,,,
879,330,True,gnomAD_genomes_SAS_AF,,"""Alternative allele frequency in the South Asian gnomAD genome samples v3.1""",,,,,,float,True,,
880,330,True,gnomAD_genomes_SAS_nhomalt,,"""Count of individuals with homozygous alternative allele in the South Asian gnomAD genome samples v3.1""",,,,,,long,,,
881,330,True,gnomAD_genomes_controls_and_biobanks_AC,,"""Alternative allele count in the controls/biobanks subset of whole gnomAD genome samples v3.1""",,,,,,long,,,
882,330,True,gnomAD_genomes_controls_and_biobanks_AN,,"""Total allele count in the controls/biobanks subset of whole gnomAD genome samples v3.1""",,,,,,long,,,
883,330,True,gnomAD_genomes_controls_and_biobanks_AF,,"""Alternative allele frequency in the controls/biobanks subset of whole gnomAD genome samples v3.1""",,,,,,float,True,,
884,330,True,gnomAD_genomes_controls_and_biobanks_nhomalt,,"""Count of individuals with homozygous alternative allele in the controls/biobanks subset of whole gnomAD genome samples v3.1""",,,,,,long,,,
885,330,True,gnomAD_genomes_non_neuro_AC,,"""Alternative allele count in the non_neuro subset of whole gnomAD genome samples v3.1""",,,,,,long,,,
886,330,True,gnomAD_genomes_non_neuro_AN,,"""Total allele count in the non_neuro subset of whole gnomAD genome samples v3.1""",,,,,,long,,,
887,330,True,gnomAD_genomes_non_neuro_AF,,"""Alternative allele frequency in the non_neuro subset of whole gnomAD genome samples v3.1""",,,,,,float,True,,
888,330,True,gnomAD_genomes_non_neuro_nhomalt,,"""Count of individuals with homozygous alternative allele in the non_neuro subset of whole gnomAD genome samples v3.1""",,,,,,long,,,
889,330,True,gnomAD_genomes_non_cancer_AC,,"""Alternative allele count in the non_cancer subset of whole gnomAD genome samples v3.1""",,,,,,long,,,
890,330,True,gnomAD_genomes_non_cancer_AN,,"""Total allele count in the non_cancer subset of whole gnomAD genome samples v3.1""",,,,,,long,,,
891,330,True,gnomAD_genomes_non_cancer_AF,,"""Alternative allele frequency in the non_cancer subset of whole gnomAD genome samples v3.1""",,,,,,float,True,,
892,330,True,gnomAD_genomes_non_cancer_nhomalt,,"""Count of individuals with homozygous alternative allele in the non_cancer subset of whole gnomAD genome samples v3.1""",,,,,,long,,,
893,330,True,gnomAD_genomes_non_topmed_AC,,"""Alternative allele count in the non_topmed subset of whole gnomAD genome samples v3.1""",,,,,,long,,,
894,330,True,gnomAD_genomes_non_topmed_AN,,"""Total allele count in the non_topmed subset of whole gnomAD genome samples v3.1""",,,,,,long,,,
895,330,True,gnomAD_genomes_non_topmed_AF,,"""Alternative allele frequency in the non_topmed subset of whole gnomAD genome samples v3.1""",,,,,,float,True,,
896,330,True,gnomAD_genomes_non_topmed_nhomalt,,"""Count of individuals with homozygous alternative allele in the non_topmed subset of whole gnomAD genome samples v3.1""",,,,,,long,,,
897,330,True,gnomAD_genomes_controls_and_biobanks_AFR_AC,,"""Alternative allele count in the controls/biobanks subset of African/African American gnomAD genome samples v3.1""",,,,,,long,,,
898,330,True,gnomAD_genomes_controls_and_biobanks_AFR_AN,,"""Total allele count in the controls/biobanks subset of African/African American gnomAD genome samples v3.1""",,,,,,long,,,
899,330,True,gnomAD_genomes_controls_and_biobanks_AFR_AF,,"""Alternative allele frequency in the controls/biobanks subset of African/African American gnomAD genome samples v3.1""",,,,,,float,True,,
900,330,True,gnomAD_genomes_controls_and_biobanks_AFR_nhomalt,,"""Count of individuals with homozygous alternative allele in the controls/biobanks subset of African/African American gnomAD genome samples v3.1""",,,,,,long,,,
901,330,True,gnomAD_genomes_controls_and_biobanks_AMI_AC,,"""Alternative allele count in the controls/biobanks subset of Amish gnomAD genome samples v3.1""",,,,,,long,,,
902,330,True,gnomAD_genomes_controls_and_biobanks_AMI_AN,,"""Total allele count in the controls/biobanks subset of Amish gnomAD genome samples v3.1""",,,,,,long,,,
903,330,True,gnomAD_genomes_controls_and_biobanks_AMI_AF,,"""Alternative allele frequency in the controls/biobanks subset of Amish gnomAD genome samples v3.1""",,,,,,float,True,,
904,330,True,gnomAD_genomes_controls_and_biobanks_AMI_nhomalt,,"""Count of individuals with homozygous alternative allele in the controls/biobanks subset of Amish gnomAD genome samples v3.1""",,,,,,long,,,
905,330,True,gnomAD_genomes_controls_and_biobanks_AMR_AC,,"""Alternative allele count in the controls/biobanks subset of Latino gnomAD genome samples v3.1""",,,,,,long,,,
906,330,True,gnomAD_genomes_controls_and_biobanks_AMR_AN,,"""Total allele count in the controls/biobanks subset of Latino gnomAD genome samples v3.1""",,,,,,long,,,
907,330,True,gnomAD_genomes_controls_and_biobanks_AMR_AF,,"""Alternative allele frequency in the controls/biobanks subset of Latino gnomAD genome samples v3.1""",,,,,,float,True,,
908,330,True,gnomAD_genomes_controls_and_biobanks_AMR_nhomalt,,"""Count of individuals with homozygous alternative allele in the controls/biobanks subset of Latino gnomAD genome samples v3.1""",,,,,,long,,,
909,330,True,gnomAD_genomes_controls_and_biobanks_ASJ_AC,,"""Alternative allele count in the controls/biobanks subset of Ashkenazi Jewish gnomAD genome samples v3.1""",,,,,,long,,,
910,330,True,gnomAD_genomes_controls_and_biobanks_ASJ_AN,,"""Total allele count in the controls/biobanks subset of Ashkenazi Jewish gnomAD genome samples v3.1""",,,,,,long,,,
911,330,True,gnomAD_genomes_controls_and_biobanks_ASJ_AF,,"""Alternative allele frequency in the controls/biobanks subset of Ashkenazi Jewish gnomAD genome samples v3.1""",,,,,,float,True,,
912,330,True,gnomAD_genomes_controls_and_biobanks_ASJ_nhomalt,,"""Count of individuals with homozygous alternative allele in the controls/biobanks subset of Ashkenazi Jewish gnomAD genome samples v3.1""",,,,,,long,,,
913,330,True,gnomAD_genomes_controls_and_biobanks_EAS_AC,,"""Alternative allele count in the controls/biobanks subset of East Asian gnomAD genome samples v3.1""",,,,,,long,,,
914,330,True,gnomAD_genomes_controls_and_biobanks_EAS_AN,,"""Total allele count in the controls/biobanks subset of East Asian gnomAD genome samples v3.1""",,,,,,long,,,
915,330,True,gnomAD_genomes_controls_and_biobanks_EAS_AF,,"""Alternative allele frequency in the controls/biobanks subset of East Asian gnomAD genome samples v3.1""",,,,,,float,True,,
916,330,True,gnomAD_genomes_controls_and_biobanks_EAS_nhomalt,,"""Count of individuals with homozygous alternative allele in the controls/biobanks subset of East Asian gnomAD genome samples v3.1""",,,,,,long,,,
917,330,True,gnomAD_genomes_controls_and_biobanks_FIN_AC,,"""Alternative allele count in the controls/biobanks subset of Finnish gnomAD genome samples v3.1""",,,,,,long,,,
918,330,True,gnomAD_genomes_controls_and_biobanks_FIN_AN,,"""Total allele count in the controls/biobanks subset of Finnish gnomAD genome samples v3.1""",,,,,,long,,,
919,330,True,gnomAD_genomes_controls_and_biobanks_FIN_AF,,"""Alternative allele frequency in the controls/biobanks subset of Finnish gnomAD genome samples v3.1""",,,,,,float,True,,
920,330,True,gnomAD_genomes_controls_and_biobanks_FIN_nhomalt,,"""Count of individuals with homozygous alternative allele in the controls/biobanks subset of Finnish gnomAD genome samples v3.1""",,,,,,long,,,
921,330,True,gnomAD_genomes_controls_and_biobanks_MID_AC,,"""Alternative allele count in the controls/biobanks subset of Middle Eastern gnomAD genome samples v3.1""",,,,,,long,,,
922,330,True,gnomAD_genomes_controls_and_biobanks_MID_AN,,"""Total allele count in the controls/biobanks subset of Middle Eastern gnomAD genome samples v3.1""",,,,,,long,,,
923,330,True,gnomAD_genomes_controls_and_biobanks_MID_AF,,"""Alternative allele frequency in the controls/biobanks subset of Middle Eastern gnomAD genome samples v3.1""",,,,,,float,True,,
924,330,True,gnomAD_genomes_controls_and_biobanks_MID_nhomalt,,"""Count of individuals with homozygous alternative allele in the controls/biobanks subset of Middle Eastern gnomAD genome samples v3.1""",,,,,,long,,,
925,330,True,gnomAD_genomes_controls_and_biobanks_NFE_AC,,"""Alternative allele count in the controls/biobanks subset of Non-Finnish European gnomAD genome samples v3.1""",,,,,,long,,,
926,330,True,gnomAD_genomes_controls_and_biobanks_NFE_AN,,"""Total allele count in the controls/biobanks subset of Non-Finnish European gnomAD genome samples v3.1""",,,,,,long,,,
927,330,True,gnomAD_genomes_controls_and_biobanks_NFE_AF,,"""Alternative allele frequency in the controls/biobanks subset of Non-Finnish European gnomAD genome samples v3.1""",,,,,,float,True,,
928,330,True,gnomAD_genomes_controls_and_biobanks_NFE_nhomalt,,"""Count of individuals with homozygous alternative allele in the controls/biobanks subset of Non-Finnish European gnomAD genome samples v3.1""",,,,,,long,,,
929,330,True,gnomAD_genomes_controls_and_biobanks_SAS_AC,,"""Alternative allele count in the controls/biobanks subset of South Asian gnomAD genome samples v3.1""",,,,,,long,,,
930,330,True,gnomAD_genomes_controls_and_biobanks_SAS_AN,,"""Total allele count in the controls/biobanks subset of South Asian gnomAD genome samples v3.1""",,,,,,long,,,
931,330,True,gnomAD_genomes_controls_and_biobanks_SAS_AF,,"""Alternative allele frequency in the controls/biobanks subset of South Asian gnomAD genome samples v3.1""",,,,,,float,True,,
932,330,True,gnomAD_genomes_controls_and_biobanks_SAS_nhomalt,,"""Count of individuals with homozygous alternative allele in the controls/biobanks subset of South Asian gnomAD genome samples v3.1""",,,,,,long,,,
933,330,True,gnomAD_genomes_non_neuro_AFR_AC,,"""Alternative allele count in the non-neuro subset of African/African American gnomAD genome samples v3.1""",,,,,,long,,,
934,330,True,gnomAD_genomes_non_neuro_AFR_AN,,"""Total allele count in the non-neuro subset of African/African American gnomAD genome samples v3.1""",,,,,,long,,,
935,330,True,gnomAD_genomes_non_neuro_AFR_AF,,"""Alternative allele frequency in the non-neuro subset of African/African American gnomAD genome samples v3.1""",,,,,,float,True,,
936,330,True,gnomAD_genomes_non_neuro_AFR_nhomalt,,"""Count of individuals with homozygous alternative allele in the non-neuro subset of African/African American gnomAD genome samples v3.1""",,,,,,long,,,
937,330,True,gnomAD_genomes_non_neuro_AMI_AC,,"""Alternative allele count in the non-neuro subset of Amish gnomAD genome samples v3.1""",,,,,,long,,,
938,330,True,gnomAD_genomes_non_neuro_AMI_AN,,"""Total allele count in the non-neuro subset of Amish gnomAD genome samples v3.1""",,,,,,long,,,
939,330,True,gnomAD_genomes_non_neuro_AMI_AF,,"""Alternative allele frequency in the non-neuro subset of Amish gnomAD genome samples v3.1""",,,,,,float,True,,
940,330,True,gnomAD_genomes_non_neuro_AMI_nhomalt,,"""Count of individuals with homozygous alternative allele in the non-neuro subset of Amish gnomAD genome samples v3.1""",,,,,,long,,,
941,330,True,gnomAD_genomes_non_neuro_AMR_AC,,"""Alternative allele count in the non-neuro subset of Latino gnomAD genome samples v3.1""",,,,,,long,,,
942,330,True,gnomAD_genomes_non_neuro_AMR_AN,,"""Total allele count in the non-neuro subset of Latino gnomAD genome samples v3.1""",,,,,,long,,,
943,330,True,gnomAD_genomes_non_neuro_AMR_AF,,"""Alternative allele frequency in the non-neuro subset of Latino gnomAD genome samples v3.1""",,,,,,float,True,,
944,330,True,gnomAD_genomes_non_neuro_AMR_nhomalt,,"""Count of individuals with homozygous alternative allele in the non-neuro subset of Latino gnomAD genome samples v3.1""",,,,,,long,,,
945,330,True,gnomAD_genomes_non_neuro_ASJ_AC,,"""Alternative allele count in the non-neuro subset of Ashkenazi Jewish gnomAD genome samples v3.1""",,,,,,long,,,
946,330,True,gnomAD_genomes_non_neuro_ASJ_AN,,"""Total allele count in the non-neuro subset of Ashkenazi Jewish gnomAD genome samples v3.1""",,,,,,long,,,
947,330,True,gnomAD_genomes_non_neuro_ASJ_AF,,"""Alternative allele frequency in the non-neuro subset of Ashkenazi Jewish gnomAD genome samples v3.1""",,,,,,float,True,,
948,330,True,gnomAD_genomes_non_neuro_ASJ_nhomalt,,"""Count of individuals with homozygous alternative allele in the non-neuro subset of Ashkenazi Jewish gnomAD genome samples v3.1""",,,,,,long,,,
949,330,True,gnomAD_genomes_non_neuro_EAS_AC,,"""Alternative allele count in the non-neuro subset of East Asian gnomAD genome samples v3.1""",,,,,,long,,,
950,330,True,gnomAD_genomes_non_neuro_EAS_AN,,"""Total allele count in the non-neuro subset of East Asian gnomAD genome samples v3.1""",,,,,,long,,,
951,330,True,gnomAD_genomes_non_neuro_EAS_AF,,"""Alternative allele frequency in the non-neuro subset of East Asian gnomAD genome samples v3.1""",,,,,,float,True,,
952,330,True,gnomAD_genomes_non_neuro_EAS_nhomalt,,"""Count of individuals with homozygous alternative allele in the non-neuro subset of East Asian gnomAD genome samples v3.1""",,,,,,long,,,
953,330,True,gnomAD_genomes_non_neuro_FIN_AC,,"""Alternative allele count in the non-neuro subset of Finnish gnomAD genome samples v3.1""",,,,,,long,,,
954,330,True,gnomAD_genomes_non_neuro_FIN_AN,,"""Total allele count in the non-neuro subset of Finnish gnomAD genome samples v3.1""",,,,,,long,,,
955,330,True,gnomAD_genomes_non_neuro_FIN_AF,,"""Alternative allele frequency in the non-neuro subset of Finnish gnomAD genome samples v3.1""",,,,,,float,True,,
956,330,True,gnomAD_genomes_non_neuro_FIN_nhomalt,,"""Count of individuals with homozygous alternative allele in the non-neuro subset of Finnish gnomAD genome samples v3.1""",,,,,,long,,,
957,330,True,gnomAD_genomes_non_neuro_MID_AC,,"""Alternative allele count in the non-neuro subset of Middle Eastern gnomAD genome samples v3.1""",,,,,,long,,,
958,330,True,gnomAD_genomes_non_neuro_MID_AN,,"""Total allele count in the non-neuro subset of Middle Eastern gnomAD genome samples v3.1""",,,,,,long,,,
959,330,True,gnomAD_genomes_non_neuro_MID_AF,,"""Alternative allele frequency in the non-neuro subset of Middle Eastern gnomAD genome samples v3.1""",,,,,,float,True,,
960,330,True,gnomAD_genomes_non_neuro_MID_nhomalt,,"""Count of individuals with homozygous alternative allele in the non-neuro subset of Middle Eastern gnomAD genome samples v3.1""",,,,,,long,,,
961,330,True,gnomAD_genomes_non_neuro_NFE_AC,,"""Alternative allele count in the non-neuro subset of Non-Finnish European gnomAD genome samples v3.1""",,,,,,long,,,
962,330,True,gnomAD_genomes_non_neuro_NFE_AN,,"""Total allele count in the non-neuro subset of Non-Finnish European gnomAD genome samples v3.1""",,,,,,long,,,
963,330,True,gnomAD_genomes_non_neuro_NFE_AF,,"""Alternative allele frequency in the non-neuro subset of Non-Finnish European gnomAD genome samples v3.1""",,,,,,float,True,,
964,330,True,gnomAD_genomes_non_neuro_NFE_nhomalt,,"""Count of individuals with homozygous alternative allele in the non-neuro subset of Non-Finnish European gnomAD genome samples v3.1""",,,,,,long,,,
965,330,True,gnomAD_genomes_non_neuro_SAS_AC,,"""Alternative allele count in the non-neuro subset of South Asian gnomAD genome samples v3.1""",,,,,,long,,,
966,330,True,gnomAD_genomes_non_neuro_SAS_AN,,"""Total allele count in the non-neuro subset of South Asian gnomAD genome samples v3.1""",,,,,,long,,,
967,330,True,gnomAD_genomes_non_neuro_SAS_AF,,"""Alternative allele frequency in the non-neuro subset of South Asian gnomAD genome samples v3.1""",,,,,,float,True,,
968,330,True,gnomAD_genomes_non_neuro_SAS_nhomalt,,"""Count of individuals with homozygous alternative allele in the non-neuro subset of South Asian gnomAD genome samples v3.1""",,,,,,long,,,
969,330,True,gnomAD_genomes_non_cancer_AFR_AC,,"""Alternative allele count in the non-cancer subset of African/African American gnomAD genome samples v3.1""",,,,,,long,,,
970,330,True,gnomAD_genomes_non_cancer_AFR_AN,,"""Total allele count in the non-cancer subset of African/African American gnomAD genome samples v3.1""",,,,,,long,,,
971,330,True,gnomAD_genomes_non_cancer_AFR_AF,,"""Alternative allele frequency in the non-cancer subset of African/African American gnomAD genome samples v3.1""",,,,,,float,True,,
972,330,True,gnomAD_genomes_non_cancer_AFR_nhomalt,,"""Count of individuals with homozygous alternative allele in the non-cancer subset of African/African American gnomAD genome samples v3.1""",,,,,,long,,,
973,330,True,gnomAD_genomes_non_cancer_AMI_AC,,"""Alternative allele count in the non-cancer subset of Amish gnomAD genome samples v3.1""",,,,,,long,,,
974,330,True,gnomAD_genomes_non_cancer_AMI_AN,,"""Total allele count in the non-cancer subset of Amish gnomAD genome samples v3.1""",,,,,,long,,,
975,330,True,gnomAD_genomes_non_cancer_AMI_AF,,"""Alternative allele frequency in the non-cancer subset of Amish gnomAD genome samples v3.1""",,,,,,float,True,,
976,330,True,gnomAD_genomes_non_cancer_AMI_nhomalt,,"""Count of individuals with homozygous alternative allele in the non-cancer subset of Amish gnomAD genome samples v3.1""",,,,,,long,,,
977,330,True,gnomAD_genomes_non_cancer_AMR_AC,,"""Alternative allele count in the non-cancer subset of Latino gnomAD genome samples v3.1""",,,,,,long,,,
978,330,True,gnomAD_genomes_non_cancer_AMR_AN,,"""Total allele count in the non-cancer subset of Latino gnomAD genome samples v3.1""",,,,,,long,,,
979,330,True,gnomAD_genomes_non_cancer_AMR_AF,,"""Alternative allele frequency in the non-cancer subset of Latino gnomAD genome samples v3.1""",,,,,,float,True,,
980,330,True,gnomAD_genomes_non_cancer_AMR_nhomalt,,"""Count of individuals with homozygous alternative allele in the non-cancer subset of Latino gnomAD genome samples v3.1""",,,,,,long,,,
981,330,True,gnomAD_genomes_non_cancer_ASJ_AC,,"""Alternative allele count in the non-cancer subset of Ashkenazi Jewish gnomAD genome samples v3.1""",,,,,,long,,,
982,330,True,gnomAD_genomes_non_cancer_ASJ_AN,,"""Total allele count in the non-cancer subset of Ashkenazi Jewish gnomAD genome samples v3.1""",,,,,,long,,,
983,330,True,gnomAD_genomes_non_cancer_ASJ_AF,,"""Alternative allele frequency in the non-cancer subset of Ashkenazi Jewish gnomAD genome samples v3.1""",,,,,,float,True,,
984,330,True,gnomAD_genomes_non_cancer_ASJ_nhomalt,,"""Count of individuals with homozygous alternative allele in the non-cancer subset of Ashkenazi Jewish gnomAD genome samples v3.1""",,,,,,long,,,
985,330,True,gnomAD_genomes_non_cancer_EAS_AC,,"""Alternative allele count in the non-cancer subset of East Asian gnomAD genome samples v3.1""",,,,,,long,,,
986,330,True,gnomAD_genomes_non_cancer_EAS_AN,,"""Total allele count in the non-cancer subset of East Asian gnomAD genome samples v3.1""",,,,,,long,,,
987,330,True,gnomAD_genomes_non_cancer_EAS_AF,,"""Alternative allele frequency in the non-cancer subset of East Asian gnomAD genome samples v3.1""",,,,,,float,True,,
988,330,True,gnomAD_genomes_non_cancer_EAS_nhomalt,,"""Count of individuals with homozygous alternative allele in the non-cancer subset of East Asian gnomAD genome samples v3.1""",,,,,,long,,,
989,330,True,gnomAD_genomes_non_cancer_FIN_AC,,"""Alternative allele count in the non-cancer subset of Finnish gnomAD genome samples v3.1""",,,,,,long,,,
990,330,True,gnomAD_genomes_non_cancer_FIN_AN,,"""Total allele count in the non-cancer subset of Finnish gnomAD genome samples v3.1""",,,,,,long,,,
991,330,True,gnomAD_genomes_non_cancer_FIN_AF,,"""Alternative allele frequency in the non-cancer subset of Finnish gnomAD genome samples v3.1""",,,,,,float,True,,
992,330,True,gnomAD_genomes_non_cancer_FIN_nhomalt,,"""Count of individuals with homozygous alternative allele in the non-cancer subset of Finnish gnomAD genome samples v3.1""",,,,,,long,,,
993,330,True,gnomAD_genomes_non_cancer_MID_AC,,"""Alternative allele count in the non-cancer subset of Middle Eastern gnomAD genome samples v3.1""",,,,,,long,,,
994,330,True,gnomAD_genomes_non_cancer_MID_AN,,"""Total allele count in the non-cancer subset of Middle Eastern gnomAD genome samples v3.1""",,,,,,long,,,
995,330,True,gnomAD_genomes_non_cancer_MID_AF,,"""Alternative allele frequency in the non-cancer subset of Middle Eastern gnomAD genome samples v3.1""",,,,,,float,True,,
996,330,True,gnomAD_genomes_non_cancer_MID_nhomalt,,"""Count of individuals with homozygous alternative allele in the non-cancer subset of Middle Eastern gnomAD genome samples v3.1""",,,,,,long,,,
997,330,True,gnomAD_genomes_non_cancer_NFE_AC,,"""Alternative allele count in the non-cancer subset of Non-Finnish European gnomAD genome samples v3.1""",,,,,,long,,,
998,330,True,gnomAD_genomes_non_cancer_NFE_AN,,"""Total allele count in the non-cancer subset of Non-Finnish European gnomAD genome samples v3.1""",,,,,,long,,,
999,330,True,gnomAD_genomes_non_cancer_NFE_AF,,"""Alternative allele frequency in the non-cancer subset of Non-Finnish European gnomAD genome samples v3.1""",,,,,,float,True,,
1000,330,True,gnomAD_genomes_non_cancer_NFE_nhomalt,,"""Count of individuals with homozygous alternative allele in the non-cancer subset of Non-Finnish European gnomAD genome samples v3.1""",,,,,,long,,,
1001,330,True,gnomAD_genomes_non_cancer_SAS_AC,,"""Alternative allele count in the non-cancer subset of South Asian gnomAD genome samples v3.1""",,,,,,long,,,
1002,330,True,gnomAD_genomes_non_cancer_SAS_AN,,"""Total allele count in the non-cancer subset of South Asian gnomAD genome samples v3.1""",,,,,,long,,,
1003,330,True,gnomAD_genomes_non_cancer_SAS_AF,,"""Alternative allele frequency in the non-cancer subset of South Asian gnomAD genome samples v3.1""",,,,,,float,True,,
1004,330,True,gnomAD_genomes_non_cancer_SAS_nhomalt,,"""Count of individuals with homozygous alternative allele in the non-cancer subset of South Asian gnomAD genome samples v3.1""",,,,,,long,,,
1005,330,True,gnomAD_genomes_non_topmed_AFR_AC,,"""Alternative allele count in the non-topmed subset of African/African American gnomAD genome samples v3.1""",,,,,,long,,,
1006,330,True,gnomAD_genomes_non_topmed_AFR_AN,,"""Total allele count in the non-topmed subset of African/African American gnomAD genome samples v3.1""",,,,,,long,,,
1007,330,True,gnomAD_genomes_non_topmed_AFR_AF,,"""Alternative allele frequency in the non-topmed subset of African/African American gnomAD genome samples v3.1""",,,,,,float,True,,
1008,330,True,gnomAD_genomes_non_topmed_AFR_nhomalt,,"""Count of individuals with homozygous alternative allele in the non-topmed subset of African/African American gnomAD genome samples v3.1""",,,,,,long,,,
1009,330,True,gnomAD_genomes_non_topmed_AMI_AC,,"""Alternative allele count in the non-topmed subset of Amish gnomAD genome samples v3.1""",,,,,,long,,,
1010,330,True,gnomAD_genomes_non_topmed_AMI_AN,,"""Total allele count in the non-topmed subset of Amish gnomAD genome samples v3.1""",,,,,,long,,,
1011,330,True,gnomAD_genomes_non_topmed_AMI_AF,,"""Alternative allele frequency in the non-topmed subset of Amish gnomAD genome samples v3.1""",,,,,,float,True,,
1012,330,True,gnomAD_genomes_non_topmed_AMI_nhomalt,,"""Count of individuals with homozygous alternative allele in the non-topmed subset of Amish gnomAD genome samples v3.1""",,,,,,long,,,
1013,330,True,gnomAD_genomes_non_topmed_AMR_AC,,"""Alternative allele count in the non-topmed subset of Latino gnomAD genome samples v3.1""",,,,,,long,,,
1014,330,True,gnomAD_genomes_non_topmed_AMR_AN,,"""Total allele count in the non-topmed subset of Latino gnomAD genome samples v3.1""",,,,,,long,,,
1015,330,True,gnomAD_genomes_non_topmed_AMR_AF,,"""Alternative allele frequency in the non-topmed subset of Latino gnomAD genome samples v3.1""",,,,,,float,True,,
1016,330,True,gnomAD_genomes_non_topmed_AMR_nhomalt,,"""Count of individuals with homozygous alternative allele in the non-topmed subset of Latino gnomAD genome samples v3.1""",,,,,,long,,,
1017,330,True,gnomAD_genomes_non_topmed_ASJ_AC,,"""Alternative allele count in the non-topmed subset of Ashkenazi Jewish gnomAD genome samples v3.1""",,,,,,long,,,
1018,330,True,gnomAD_genomes_non_topmed_ASJ_AN,,"""Total allele count in the non-topmed subset of Ashkenazi Jewish gnomAD genome samples v3.1""",,,,,,long,,,
1019,330,True,gnomAD_genomes_non_topmed_ASJ_AF,,"""Alternative allele frequency in the non-topmed subset of Ashkenazi Jewish gnomAD genome samples v3.1""",,,,,,float,True,,
1020,330,True,gnomAD_genomes_non_topmed_ASJ_nhomalt,,"""Count of individuals with homozygous alternative allele in the non-topmed subset of Ashkenazi Jewish gnomAD genome samples v3.1""",,,,,,long,,,
1021,330,True,gnomAD_genomes_non_topmed_EAS_AC,,"""Alternative allele count in the non-topmed subset of East Asian gnomAD genome samples v3.1""",,,,,,long,,,
1022,330,True,gnomAD_genomes_non_topmed_EAS_AN,,"""Total allele count in the non-topmed subset of East Asian gnomAD genome samples v3.1""",,,,,,long,,,
1023,330,True,gnomAD_genomes_non_topmed_EAS_AF,,"""Alternative allele frequency in the non-topmed subset of East Asian gnomAD genome samples v3.1""",,,,,,float,True,,
1024,330,True,gnomAD_genomes_non_topmed_EAS_nhomalt,,"""Count of individuals with homozygous alternative allele in the non-topmed subset of East Asian gnomAD genome samples v3.1""",,,,,,long,,,
1025,330,True,gnomAD_genomes_non_topmed_FIN_AC,,"""Alternative allele count in the non-topmed subset of Finnish gnomAD genome samples v3.1""",,,,,,long,,,
1026,330,True,gnomAD_genomes_non_topmed_FIN_AN,,"""Total allele count in the non-topmed subset of Finnish gnomAD genome samples v3.1""",,,,,,long,,,
1027,330,True,gnomAD_genomes_non_topmed_FIN_AF,,"""Alternative allele frequency in the non-topmed subset of Finnish gnomAD genome samples v3.1""",,,,,,float,True,,
1028,330,True,gnomAD_genomes_non_topmed_FIN_nhomalt,,"""Count of individuals with homozygous alternative allele in the non-topmed subset of Finnish gnomAD genome samples v3.1""",,,,,,long,,,
1029,330,True,gnomAD_genomes_non_topmed_MID_AC,,"""Alternative allele count in the non-topmed subset of Middle Eastern gnomAD genome samples v3.1""",,,,,,long,,,
1030,330,True,gnomAD_genomes_non_topmed_MID_AN,,"""Total allele count in the non-topmed subset of Middle Eastern gnomAD genome samples v3.1""",,,,,,long,,,
1031,330,True,gnomAD_genomes_non_topmed_MID_AF,,"""Alternative allele frequency in the non-topmed subset of Middle Eastern gnomAD genome samples v3.1""",,,,,,float,True,,
1032,330,True,gnomAD_genomes_non_topmed_MID_nhomalt,,"""Count of individuals with homozygous alternative allele in the non-topmed subset of Middle Eastern gnomAD genome samples v3.1""",,,,,,long,,,
1033,330,True,gnomAD_genomes_non_topmed_NFE_AC,,"""Alternative allele count in the non-topmed subset of Non-Finnish European gnomAD genome samples v3.1""",,,,,,long,,,
1034,330,True,gnomAD_genomes_non_topmed_NFE_AN,,"""Total allele count in the non-topmed subset of Non-Finnish European gnomAD genome samples v3.1""",,,,,,long,,,
1035,330,True,gnomAD_genomes_non_topmed_NFE_AF,,"""Alternative allele frequency in the non-topmed subset of Non-Finnish European gnomAD genome samples v3.1""",,,,,,float,True,,
1036,330,True,gnomAD_genomes_non_topmed_NFE_nhomalt,,"""Count of individuals with homozygous alternative allele in the non-topmed subset of Non-Finnish European gnomAD genome samples v3.1""",,,,,,long,,,
1037,330,True,gnomAD_genomes_non_topmed_SAS_AC,,"""Alternative allele count in the non-topmed subset of South Asian gnomAD genome samples v3.1""",,,,,,long,,,
1038,330,True,gnomAD_genomes_non_topmed_SAS_AN,,"""Total allele count in the non-topmed subset of South Asian gnomAD genome samples v3.1""",,,,,,long,,,
1039,330,True,gnomAD_genomes_non_topmed_SAS_AF,,"""Alternative allele frequency in the non-topmed subset of South Asian gnomAD genome samples v3.1""",,,,,,float,,,
1040,330,True,gnomAD_genomes_non_topmed_SAS_nhomalt,,"""Count of individuals with homozygous alternative allele in the non-topmed subset of South Asian gnomAD genome samples v3.1""",,,,,,long,,,
1041,495,True,Ensembl_Regulatory_Build_TFBS_evidence,,"""Ensembl epigenomes_with_experimental_evidence""",,,,,,text,True,,
1042,26,True,HGVSc_ANNOVAR,,"""HGVS coding variant presentation from ANNOVAR Multiple entries separated by "";"", corresponds to Ensembl_transcriptid""",,,,,,text,True,,
1043,26,True,HGVSp_ANNOVAR,,"""HGVS protein variant presentation from ANNOVAR Multiple entries separated by "";"", corresponds to Ensembl_proteinid""",,,,,,text,True,,
1044,208,True,HGVSc_snpEff,,"""HGVS coding variant presentation from snpEff Multiple entries separated by "";"", corresponds to Ensembl_transcriptid""",,,,,,text,True,,
1045,208,True,HGVSp_snpEff,,"""HGVS protein variant presentation from snpEff Multiple entries separated by "";"", corresponds to Ensembl_proteinid""",,,,,,text,True,,
1046,132,True,HGVSc_VEP,,"""HGVS coding variant presentation from VEP Multiple entries separated by "";"", corresponds to Ensembl_transcriptid""",,,,,,text,True,,
1047,132,True,HGVSp_VEP,,"""HGVS protein variant presentation from VEP Multiple entries separated by "";"", corresponds to Ensembl_proteinid""",,,,,,text,True,,
1048,495,True,MutationAssessor_rankscore,,"""MAori scores were ranked among all MAori scores in dbNSFP. The rankscore is the ratio of the rank of the score over the total number of MAori scores in dbNSFP. The scores range from 0 to 1.""",,,,,,float,,,
1049,495,True,MetaRNN_score,,"""Our recurrent neural network (RNN) based ensemble prediction score, which incorporated 16 scores (SIFT, Polyphen2_HDIV, Polyphen2_HVAR, MutationAssessor, PROVEAN, VEST4, M-CAP, REVEL, MutPred, MVP, PrimateAI, DEOGEN2, CADD, fathmm-XF, Eigen and GenoCanyon), 8 conservation scores (GERP, phyloP100way_vertebrate, phyloP30way_mammalian, phyloP17way_primate, phastCons100way_vertebrate, phastCons30way_mammalian, phastCons17way_primate and SiPhy), and allele frequency information from the 1000 Genomes Project (1000GP), ExAC, and gnomAD. Larger value means the SNV is more likely to be damaging. Scores range from 0 to 1.""",,,,,,text,True,,
1050,495,True,MetaRNN_rankscore,,"""MetaRNN scores were ranked among all MetaRNN scores in dbNSFP. The rankscore is the ratio of the rank of the score over the total number of MetaRNN scores in dbNSFP. The scores range from 0 to 1.""",,,,,,text,True,,
1051,495,True,MetaRNN_pred,,"""Prediction of our MetaRNN based ensemble prediction score,""T(olerated)"" or ""D(amaging)"". The score cutoff between ""D"" and ""T"" is 0.5. The rankscore cutoff between ""D"" and ""T"" is 0.6149.""",,,,,,text,True,,
1052,495,True,BayesDel_addAF_score,,"""A deleteriousness preidction meta-score for SNVs and indels with inclusion of MaxAF. See https://doi.org/10.1002/humu.23158 for details. The range of the score in dbNSFP is from -1.11707 to 0.750927. The higher the score, the more likely the variant is pathogenic. The author suggested cutoff between deleterious (""D"") and tolerated (""T"") is 0.0692655.""",,,,,,float,,,
1053,495,True,BayesDel_addAF_rankscore,,"""BayesDel_addAF scores were ranked among all BayesDel_addAF scores in dbNSFP. The rankscore is the ratio of the rank of the score over the total number of BayesDel_addAF scores in dbNSFP.""",,,,,,float,,,
1054,495,True,BayesDel_addAF_pred,,"""Prediction of BayesDel_addAF score based on the authors' recommendation, ""T(olerated)"" or ""D(amaging)"". The score cutoff between ""D"" and ""T"" is 0.0692655.""",,,,,,text,True,,
1055,495,True,BayesDel_noAF_score,,"""A deleteriousness preidction meta-score for SNVs and indels without inclusion of MaxAF. See https://doi.org/10.1002/humu.23158 for details. The range of the score in dbNSFP is from -1.31914 to 0.840878. The higher the score, the more likely the variant is pathogenic. The author suggested cutoff between deleterious (""D"") and tolerated (""T"") is -0.0570105.""",,,,,,float,,,
1056,495,True,BayesDel_noAF_rankscore,,"""BayesDel_noAF scores were ranked among all BayesDel_noAF scores in dbNSFP. The rankscore is the ratio of the rank of the score over the total number of BayesDel_noAF scores in dbNSFP.""",,,,,,float,,,
1057,495,True,BayesDel_noAF_pred,,"""Prediction of BayesDel_noAF score based on the authors' recommendation, ""T(olerated)"" or ""D(amaging)"". The score cutoff between ""D"" and ""T"" is -0.0570105.""",,,,,,text,True,,
1058,495,True,LIST-S2_score,,"""A deleteriousness preidction score for nonsynonymous SNVs. See https://doi.org/10.1093/nar/gkaa288. for details. The range of the score in dbNSFP is from 0 to 1. The higher the score, the more likely the variant is pathogenic. The author suggested cutoff between deleterious (""D"") and tolerated (""T"") is 0.85.""",,,,,,text,True,,
1059,495,True,LIST-S2_rankscore,,"""LIST-S2 scores were ranked among all LIST-S2 scores in dbNSFP. The rankscore is the ratio of the rank of the score over the total number of LIST-S2 scores in dbNSFP.""",,,,,,text,True,,
1060,495,True,LIST-S2_pred,,"""Prediction of LIST-S2 score based on the authors' recommendation, ""T(olerated)"" or ""D(amaging)"". The score cutoff between ""D"" and ""T"" is 0.85.""",,,,,,text,True,,
